[
  {
    "name": "BK 3 DAMANSARA",
    "city_state": "PETALING JAYA, Selangor",
    "hours": "Operation Hours : 10.00a.m - 10.00p.m",
    "lat": "3.130898",
    "lng": "101.626886",
    "maps_url": "https://maps.google.com/maps?daddr=3.130898, 101.626886"
  },
  {
    "name": "BK AEON AU2",
    "city_state": "AU2, Federal Territory of Kuala Lumpur",
    "hours": "Operation Hours : 10.00 a.m - 10.00 p.m",
    "lat": "3.177096",
    "lng": "101.751195",
    "maps_url": "https://maps.google.com/maps?daddr=3.177096, 101.751195"
  },
  {
    "name": "BK AEON AYER KEROH",
    "city_state": "AYER KEROH, Malacca",
    "hours": "Operation Hours : 10.00a.m - 10.00p.m",
    "lat": "2.234168",
    "lng": "102.282204",
    "maps_url": "https://maps.google.com/maps?daddr=2.234168, 102.282204"
  },
  {
    "name": "BK AEON KINTA CITY",
    "city_state": "IPOH, Perak",
    "hours": "Operation Hours : 10.00a.m - 10.00p.m",
    "lat": "4.614155",
    "lng": "101.117544",
    "maps_url": "https://maps.google.com/maps?daddr=4.614155, 101.117544"
  },
  {
    "name": "BK AEON KULAIJAYA",
    "city_state": "KULAI, Johor",
    "hours": "Operation Hours : 10.00 a.m - 10.00 p.m",
    "lat": "1.640709",
    "lng": "103.617495",
    "maps_url": "https://maps.google.com/maps?daddr=1.640709, 103.617495"
  },
  {
    "name": "BK AEON MALL NILAI",
    "city_state": "NILAI, Negeri Sembilan",
    "hours": "Operation Hours : 10.00a.m - 10.00p.m",
    "lat": "2.818395",
    "lng": "101.791003",
    "maps_url": "https://maps.google.com/maps?daddr=2.818395, 101.791003"
  },
  {
    "name": "BK AEON MELAKA",
    "city_state": "MELAKA, Malacca",
    "hours": "Operation Hours : 10.00a.m - 10.00p.m",
    "lat": "2.213830",
    "lng": "102.247412",
    "maps_url": "https://maps.google.com/maps?daddr=2.213830, 102.247412"
  },
  {
    "name": "BK AEON SERI MANJUNG",
    "city_state": "IPOH, Perak",
    "hours": "Operation Hours : 10.00a.m - 10.00p.m",
    "lat": "4.219511",
    "lng": "100.671131",
    "maps_url": "https://maps.google.com/maps?daddr=4.219511, 100.671131"
  },
  {
    "name": "BK AEON TAIPING",
    "city_state": "TAIPING, Perak",
    "hours": "Operations Hours 10.00a.m - 10.00p.m",
    "lat": "4.87317",
    "lng": "100.72983",
    "maps_url": "https://maps.google.com/maps?daddr=4.87317, 100.72983"
  },
  {
    "name": "BK AEON TAMAN MALURI",
    "city_state": "CHERAS, Federal Territory of Kuala Lumpur",
    "hours": "Operation Hours : 10.00a.m - 10.00p.m",
    "lat": "3.126047",
    "lng": "101.728411",
    "maps_url": "https://maps.google.com/maps?daddr=3.126047, 101.728411"
  },
  {
    "name": "BK AEON TAMAN UNIVERSITI",
    "city_state": "SKUDAI, Johor",
    "hours": "Operation Hours: 10.00a.m - 10.00p.m",
    "lat": "1.543177",
    "lng": "103.629618",
    "maps_url": "https://maps.google.com/maps?daddr=1.543177, 103.629618"
  },
  {
    "name": "BK AEON TEBRAU",
    "city_state": "JOHOR BAHRU, Johor",
    "hours": "Operation Hours : 10.00a.m - 10.00p.m",
    "lat": "1.549096",
    "lng": "103.796405",
    "maps_url": "https://maps.google.com/maps?daddr=1.549096, 103.796405"
  },
  {
    "name": "BK AIMAN MALL",
    "city_state": "Kota Samarahan, Sarawak",
    "hours": "Operation Hours : 10.00a.m-10.00p.m",
    "lat": null,
    "lng": null,
    "maps_url": "https://maps.google.com/maps?daddr=1.454780 110.411459"
  },
  {
    "name": "BK ALAMANDA",
    "city_state": "PUTRAJAYA WILAYAH PERSEKUTUAN, Federal Territory of Putrajaya",
    "hours": "Operation Hours : 10.00a.m - 10.00p.m",
    "lat": "2.939726",
    "lng": "101.712072",
    "maps_url": "https://maps.google.com/maps?daddr=2.939726, 101.712072"
  },
  {
    "name": "BK ALL SEASON PLACE PENANG",
    "city_state": "GEORGE TOWN, Penang",
    "hours": "Operation Hours : 10.00a.m - 10.00p.m",
    "lat": "5.396339",
    "lng": "100.290500",
    "maps_url": "https://maps.google.com/maps?daddr=5.396339, 100.290500"
  },
  {
    "name": "BK AMAN CENTRAL",
    "city_state": "Alor Star, Kedah",
    "hours": "Operations Hours : 10.00a.m - 10.00 p.m",
    "lat": "6.124741",
    "lng": "100.366639",
    "maps_url": "https://maps.google.com/maps?daddr=6.124741, 100.366639"
  },
  {
    "name": "BK AMAN PERDANA",
    "city_state": "KLANG, Selangor",
    "hours": "Opertions Hour : 8.00am - 11.00pm",
    "lat": null,
    "lng": null,
    "maps_url": "https://maps.google.com/maps?daddr=3.093295 , 101.408606"
  },
  {
    "name": "BK AMANJAYA MALL",
    "city_state": "Sungai Petani, Kedah",
    "hours": "Operations Hour : 10.00am-10.00pm",
    "lat": null,
    "lng": null,
    "maps_url": "https://maps.google.com/maps?daddr=5.673573 100.509574"
  },
  {
    "name": "BK AMERIN MALL",
    "city_state": "BANDAR SUNWAY, Selangor",
    "hours": "Operation Hours : 10.00a.m - 10.00p.m",
    "lat": "3.025019",
    "lng": "101.750868",
    "maps_url": "https://maps.google.com/maps?daddr=3.025019, 101.750868"
  },
  {
    "name": "BK AMPANG POINT SHOPPING CENTRE",
    "city_state": "HULU LANGAT, Selangor",
    "hours": "Operation Hours : 10.00 a.m - 10.00 p.m",
    "lat": "3.15802",
    "lng": "101.75126",
    "maps_url": "https://maps.google.com/maps?daddr=3.15802, 101.75126"
  },
  {
    "name": "BK Asia Poly Semenyih",
    "city_state": "Semenyih, Selangor",
    "hours": "Operation Hours: 8.00am - 11.00pm",
    "lat": "2.961907",
    "lng": "101.838010",
    "maps_url": "https://maps.google.com/maps?daddr=2.961907, 101.838010"
  },
  {
    "name": "BK BANDAR PUTERI KLANG",
    "city_state": "KLANG, Selangor",
    "hours": "Operation Hours : 8.00a.m - 11.00p.m",
    "lat": "2.987877",
    "lng": "101.466244",
    "maps_url": "https://maps.google.com/maps?daddr=2.987877, 101.466244"
  },
  {
    "name": "BK Bandar Sri Permaisuri",
    "city_state": "BANDAR SRI PERMAISURI, Federal Territory of Kuala Lumpur",
    "hours": "Operation Hours : 8.00 a.m - 11.00p.m",
    "lat": "3.101365",
    "lng": "101.712652",
    "maps_url": "https://maps.google.com/maps?daddr=3.101365, 101.712652"
  },
  {
    "name": "BK BANDAR TUN HUSSEIN ONN",
    "city_state": "CHERAS, Selangor",
    "hours": "Operation Hours : 9.00 a.m - 11.00 p.m",
    "lat": "3.046135",
    "lng": "101.759053",
    "maps_url": "https://maps.google.com/maps?daddr=3.046135, 101.759053"
  },
  {
    "name": "BK BANGI GATEWAY",
    "city_state": "BANGI, Selangor",
    "hours": "Operation Hours : 10.00 a.m - 11.00 p.m",
    "lat": "2.933533",
    "lng": "101.765197",
    "maps_url": "https://maps.google.com/maps?daddr=2.933533, 101.765197"
  },
  {
    "name": "BK BANTING",
    "city_state": "Banting, Selangor",
    "hours": "Operation Hours: 8.00a.m-11.00p.m",
    "lat": "2.813453",
    "lng": "101.502170",
    "maps_url": "https://maps.google.com/maps?daddr=2.813453, 101.502170"
  },
  {
    "name": "BK BATANG BERJUNTAI",
    "city_state": "BESTARI JAYA, Selangor",
    "hours": "Operation Hours : 9.00a.m - 10.00p.m",
    "lat": "3.380071",
    "lng": "101.412776",
    "maps_url": "https://maps.google.com/maps?daddr=3.380071, 101.412776"
  },
  {
    "name": "BK BATU PAHAT",
    "city_state": "BATU PAHAT, Johor",
    "hours": "Operation Hours :",
    "lat": "1.866899",
    "lng": "102.939273",
    "maps_url": "https://maps.google.com/maps?daddr=1.866899, 102.939273"
  },
  {
    "name": "BK BESERAH KUANTAN",
    "city_state": "KUANTAN, Pahang",
    "hours": "Operation Hours :",
    "lat": "3.815797",
    "lng": "103.332832",
    "maps_url": "https://maps.google.com/maps?daddr=3.815797, 103.332832"
  },
  {
    "name": "BK BHP KARAK HIGHWAY",
    "city_state": "GOMBAK, Selangor",
    "hours": "Operation Hours :",
    "lat": "3.253535",
    "lng": "101.727616",
    "maps_url": "https://maps.google.com/maps?daddr=3.253535, 101.727616"
  },
  {
    "name": "BK BOTANI VILLAGE",
    "city_state": "IPOH, Perak",
    "hours": "Operation Hours :",
    "lat": "4.524284",
    "lng": "101.103836",
    "maps_url": "https://maps.google.com/maps?daddr=4.524284, 101.103836"
  },
  {
    "name": "BK BUKIT JELUTONG",
    "city_state": "SHAH ALAM, Selangor",
    "hours": "Operation Hours: 9.00am - 11.00pm",
    "lat": "3.114643",
    "lng": "101.526751",
    "maps_url": "https://maps.google.com/maps?daddr=3.114643, 101.526751"
  },
  {
    "name": "BK BUKIT MERTAJAM",
    "city_state": "BUKIT MERTAJAM, Penang",
    "hours": "Operations Hours : 10.00a.m - 10.00p.m",
    "lat": "5.319828",
    "lng": "100.478076",
    "maps_url": "https://maps.google.com/maps?daddr=5.319828, 100.478076"
  },
  {
    "name": "BK BUKIT TINGGI",
    "city_state": "KLANG, Selangor",
    "hours": "Operation Hours :",
    "lat": "2.998812",
    "lng": "101.431667",
    "maps_url": "https://maps.google.com/maps?daddr=2.998812, 101.431667"
  },
  {
    "name": "BK Caltex Batu Kawan DT",
    "city_state": "Seberang Perai Selatan, Penang",
    "hours": "Operation Hours :",
    "lat": null,
    "lng": null,
    "maps_url": "https://maps.google.com/maps?daddr=5.239847 100.438815"
  },
  {
    "name": "BK CALTEX BUKIT KATIL DT",
    "city_state": "AYER KEROH, Malacca",
    "hours": "Operation Hours : 08.00a.m - 11.00p.m",
    "lat": "2.248236",
    "lng": "102.305274",
    "maps_url": "https://maps.google.com/maps?daddr=2.248236, 102.305274"
  },
  {
    "name": "BK CALTEX CHERAS",
    "city_state": "KAJANG, Federal Territory of Kuala Lumpur",
    "hours": "Operation Hours :",
    "lat": "3.085738",
    "lng": "101.742245",
    "maps_url": "https://maps.google.com/maps?daddr=3.085738, 101.742245"
  },
  {
    "name": "BK CALTEX JURU",
    "city_state": "BUKIT MERTAJAM, Penang",
    "hours": "Operation Hours :",
    "lat": "5.355258",
    "lng": "100.417330",
    "maps_url": "https://maps.google.com/maps?daddr=5.355258,100.417330"
  },
  {
    "name": "BK Caltex Saujana Utama",
    "city_state": "SUNGAI BULOH, Selangor",
    "hours": "Operation Hours :",
    "lat": "3.205623",
    "lng": "101.472027",
    "maps_url": "https://maps.google.com/maps?daddr=3.205623, 101.472027"
  },
  {
    "name": "BK CALTEX SIMPANG AMPAT",
    "city_state": "SIMPANG AMPAT, Penang",
    "hours": "Operation Hours :",
    "lat": "5.265667",
    "lng": "100.451444",
    "maps_url": "https://maps.google.com/maps?daddr=5.265667, 100.451444"
  },
  {
    "name": "BK CALTEX SKUDAI SOUTH BOUND",
    "city_state": "SKUDAI, Johor",
    "hours": "Operation Hours :",
    "lat": null,
    "lng": null,
    "maps_url": "https://maps.google.com/maps?daddr="
  },
  {
    "name": "BK CALTEX SUNGAI PETANI",
    "city_state": "Sungai Petani, Kedah",
    "hours": "Operation Hours :",
    "lat": null,
    "lng": null,
    "maps_url": "https://maps.google.com/maps?daddr=5.625761 100.528341"
  },
  {
    "name": "BK CAMERON HIGHLANDS",
    "city_state": "Brinchang, Pahang",
    "hours": "Operation Hours : 10.00a.m-10.00p.m",
    "lat": "4.495079",
    "lng": "101.389536",
    "maps_url": "https://maps.google.com/maps?daddr=4.495079, 101.389536"
  },
  {
    "name": "BK CENTRAL I-CITY",
    "city_state": "KLANG, Selangor",
    "hours": "Operation Hours : 10.00a.m - 10.00p.m",
    "lat": "3.062928",
    "lng": "101.480797",
    "maps_url": "https://maps.google.com/maps?daddr=3.062928, 101.480797"
  },
  {
    "name": "BK CHERAS LEISURE MALL",
    "city_state": "CHERAS, Federal Territory of Kuala Lumpur",
    "hours": "Operation Hours : 10.00a.m-11.00p.m",
    "lat": "3.090831",
    "lng": "101.741797",
    "maps_url": "https://maps.google.com/maps?daddr=3.090831, 101.741797"
  },
  {
    "name": "BK COMMUNE Mall",
    "city_state": "KULAI, Johor",
    "hours": "10.00 a.m - 10.00p.m.",
    "lat": null,
    "lng": null,
    "maps_url": "https://maps.google.com/maps?daddr=1.6415615412729676 103.60267157583543"
  },
  {
    "name": "BK CYBERJAYA",
    "city_state": "CYBERJAYA, Selangor",
    "hours": "Operation Hours :",
    "lat": "2.914150",
    "lng": "101.655502",
    "maps_url": "https://maps.google.com/maps?daddr=2.914150, 101.655502"
  },
  {
    "name": "BK DAMAI",
    "city_state": "KOTA KINABALU, Sabah",
    "hours": "Operation Hours : 9.00 a.m - 11.00 p.m",
    "lat": "5.983732",
    "lng": "116.075173",
    "maps_url": "https://maps.google.com/maps?daddr=5.983732, 116.075173"
  },
  {
    "name": "BK DAMANSARA PERDANA",
    "city_state": "DAMANSARA, Selangor",
    "hours": "Operation Hours: 9.00am – 11.00pm",
    "lat": "3.166160",
    "lng": "101.607308",
    "maps_url": "https://maps.google.com/maps?daddr=3.166160, 101.607308"
  },
  {
    "name": "BK Datum Mall",
    "city_state": "Keramat, Federal Territory of Kuala Lumpur",
    "hours": "Operation Hours: 10.00a.m-10.00p.m",
    "lat": "3.16698",
    "lng": "101.73625",
    "maps_url": "https://maps.google.com/maps?daddr=3.16698, 101.73625"
  },
  {
    "name": "BK DESIGN VILLAGE",
    "city_state": "BANDAR CASSIA , Penang",
    "hours": "Operations Hours : 11.00 a.m - 10.00p.m",
    "lat": "5.243517",
    "lng": "100.437638",
    "maps_url": "https://maps.google.com/maps?daddr=5.243517,100.437638"
  },
  {
    "name": "BK ECO MAJESTIC",
    "city_state": "HULU LANGAT, Selangor",
    "hours": "Operation Hours : 8.00a.m - 11.00p.m",
    "lat": "2.901957",
    "lng": "101.836896",
    "maps_url": "https://maps.google.com/maps?daddr=2.901957,101.836896"
  },
  {
    "name": "BK ECOHILL SEMENYIH",
    "city_state": "HULU LANGAT, Selangor",
    "hours": "Operation Hours : 8.00a.m - 11.00p.m",
    "lat": "2.924863",
    "lng": "101.854757",
    "maps_url": "https://maps.google.com/maps?daddr=2.924863, 101.854757"
  },
  {
    "name": "BK Elmina Lakeside Mall",
    "city_state": "SHAH ALAM, Selangor",
    "hours": "Operation Hours :",
    "lat": null,
    "lng": null,
    "maps_url": "https://maps.google.com/maps?daddr=3.18165 101.50878"
  },
  {
    "name": "BK EVO MALL",
    "city_state": "BANGI, Selangor",
    "hours": "Operation Hours : 10.00am - 10.00pm",
    "lat": "101.755234",
    "lng": "2.962494",
    "maps_url": "https://maps.google.com/maps?daddr=101.755234, 2.962494 "
  },
  {
    "name": "BK GARDEN VALLEY",
    "city_state": "Dengkil, Selangor",
    "hours": "Operation Hours :",
    "lat": null,
    "lng": null,
    "maps_url": "https://maps.google.com/maps?daddr=2.9209134 , 101.6222584"
  },
  {
    "name": "BK GENTING HIGHLANDS PREMIUM OUTLETS (GPO)",
    "city_state": "GENTING HIGHLANDS, Pahang",
    "hours": "Operations Hour : 10.00am-10.00pm",
    "lat": "3.403124",
    "lng": "101.782077",
    "maps_url": "https://maps.google.com/maps?daddr=3.403124, 101.782077"
  },
  {
    "name": "BK HAP SENG BUSINESS PARK",
    "city_state": "SHAH ALAM, Selangor",
    "hours": "Operation Hours: 8.00a.m-11.00p.m",
    "lat": null,
    "lng": null,
    "maps_url": "https://maps.google.com/maps?daddr=3.050698 , 101.541857"
  },
  {
    "name": "BK Hutan Melintang",
    "city_state": "Hutan Melintang, Perak",
    "hours": "Operation Hours : 8.00 a.m - 11.00p.m.",
    "lat": "3.8965144086398853",
    "lng": "100.93781503111035",
    "maps_url": "https://maps.google.com/maps?daddr=3.8965144086398853, 100.93781503111035"
  },
  {
    "name": "BK IMAGO",
    "city_state": "KOTA KINABALU, Sabah",
    "hours": "Operation Hours : 8.00 a.m - 10.00 p.m",
    "lat": "5.970864",
    "lng": "116.066209",
    "maps_url": "https://maps.google.com/maps?daddr=5.970864, 116.066209"
  },
  {
    "name": "BK INANAM",
    "city_state": "KOTA KINABALU, Sabah",
    "hours": "Operation Hours: 10.00a.m-9.30p.m",
    "lat": null,
    "lng": null,
    "maps_url": "https://maps.google.com/maps?daddr="
  },
  {
    "name": "BK INDERA MAHKOTA",
    "city_state": "KUANTAN, Pahang",
    "hours": "Operation Hours :",
    "lat": "3.817242",
    "lng": "103.329313",
    "maps_url": "https://maps.google.com/maps?daddr=3.817242, 103.329313"
  },
  {
    "name": "BK IOI CITY MALL",
    "city_state": "PUTRAJAYA WILAYAH PERSEKUTUAN, Federal Territory of Putrajaya",
    "hours": "Operation Hours : 10.00a.m - 10.00p.m",
    "lat": "2.970082",
    "lng": "101.712822",
    "maps_url": "https://maps.google.com/maps?daddr=2.970082, 101.712822"
  },
  {
    "name": "BK IPOH PARADE",
    "city_state": "IPOH, Perak",
    "hours": "Operation Hours : 10.00a.m - 10.00p.m",
    "lat": "4.597172",
    "lng": "101.090066",
    "maps_url": "https://maps.google.com/maps?daddr=4.597172, 101.090066"
  },
  {
    "name": "BK JADE HILLS",
    "city_state": "KAJANG, Selangor",
    "hours": "Operation Hours: 8.00a.m-11.00p.m",
    "lat": "2.992389",
    "lng": "101.760667",
    "maps_url": "https://maps.google.com/maps?daddr=2.992389, 101.760667"
  },
  {
    "name": "BK JB CITY SQUARE",
    "city_state": "JOHOR BAHRU, Johor",
    "hours": "Operations hours : 10.00a.m-10.00p.m",
    "lat": "1.461543",
    "lng": "103.763826",
    "maps_url": "https://maps.google.com/maps?daddr=1.461543, 103.763826"
  },
  {
    "name": "BK JITRA",
    "city_state": "JITRA, Kedah",
    "hours": "Operation Hours: 8.00a.m-11.00p.m",
    "lat": "6.260676",
    "lng": "100.417763",
    "maps_url": "https://maps.google.com/maps?daddr=6.260676, 100.417763"
  },
  {
    "name": "BK JOHOR PREMIUM OUTLET",
    "city_state": "JOHOR BAHRU, Johor",
    "hours": "Operation Hours : 10.00a.m - 10.00p.m",
    "lat": "1.603491",
    "lng": "103.622490",
    "maps_url": "https://maps.google.com/maps?daddr=1.603491, 103.622490"
  },
  {
    "name": "BK KAJANG DAMAI",
    "city_state": "KAJANG, Selangor",
    "hours": "Operation Hours: 9.00a.m-11.00p.m",
    "lat": "2.986860",
    "lng": "101.808899",
    "maps_url": "https://maps.google.com/maps?daddr=2.986860, 101.808899"
  },
  {
    "name": "BK KAJANG SECTION 7",
    "city_state": "KAJANG, Selangor",
    "hours": "Operation Hours :",
    "lat": "2.990690",
    "lng": "101.791755",
    "maps_url": "https://maps.google.com/maps?daddr=2.990690, 101.791755"
  },
  {
    "name": "BK KAJANG UTAMA",
    "city_state": "KAJANG, Selangor",
    "hours": "Operation Hours: 9.00a.m-11.00p.m",
    "lat": "2.975065",
    "lng": "101.801145",
    "maps_url": "https://maps.google.com/maps?daddr=2.975065, 101.801145"
  },
  {
    "name": "BK Kampar",
    "city_state": "Kampar, Perak",
    "hours": "Operation Hours : 8.00am-11.00pm",
    "lat": "4.317803",
    "lng": "101.148996",
    "maps_url": "https://maps.google.com/maps?daddr=4.317803, 101.148996"
  },
  {
    "name": "BK KARAMUNSING",
    "city_state": "KOTA KINABALU, Sabah",
    "hours": "Operation Hours: 10.00a.m-10.00p.m",
    "lat": null,
    "lng": null,
    "maps_url": "https://maps.google.com/maps?daddr="
  },
  {
    "name": "BK KL GATEWAY",
    "city_state": "KUALA LUMPUR, Federal Territory of Kuala Lumpur",
    "hours": "Operation Hours: 10.00a.m-10.00p.m",
    "lat": "3.114273",
    "lng": "101.663111",
    "maps_url": "https://maps.google.com/maps?daddr=3.114273, 101.663111"
  },
  {
    "name": "BK KL SENTRAL",
    "city_state": "KUALA LUMPUR, Federal Territory of Kuala Lumpur",
    "hours": "Operation Hours :  7.00 a.m - 11.00 p.m",
    "lat": "3.134053",
    "lng": "101.687287",
    "maps_url": "https://maps.google.com/maps?daddr=3.134053, 101.687287"
  },
  {
    "name": "BK KL TRADERS",
    "city_state": "KUALA LUMPUR, Federal Territory of Kuala Lumpur",
    "hours": "Operation Hours : 9.00 a.m - 11.00 p.m",
    "lat": "3.209783",
    "lng": "101.702051",
    "maps_url": "https://maps.google.com/maps?daddr=3.209783, 101.702051"
  },
  {
    "name": "BK KLIA 2",
    "city_state": "SEPANG, Selangor",
    "hours": "Operation Hours : 8.00am-11.00pm",
    "lat": "2.755132",
    "lng": "101.705294",
    "maps_url": "https://maps.google.com/maps?daddr=2.755132, 101.705294"
  },
  {
    "name": "BK KOMPLEKS PKNS SHAH ALAM",
    "city_state": "SHAH ALAM, Selangor",
    "hours": "Operation Hours : 8.00 a.m - 11.00 p.m",
    "lat": "3.071234",
    "lng": "101.516789",
    "maps_url": "https://maps.google.com/maps?daddr=3.071234, 101.516789"
  },
  {
    "name": "BK KOTA TINGGI",
    "city_state": "Kota Tinggi, Johor",
    "hours": "Operation Hours :8.00am - 11.00pm",
    "lat": "1.730400",
    "lng": "103.901000",
    "maps_url": "https://maps.google.com/maps?daddr=1.730400, 103.901000"
  },
  {
    "name": "BK KOTA WARISAN",
    "city_state": "SEPANG, Selangor",
    "hours": "Operation Hours : 9.00a.m - 10.00p.m",
    "lat": "2.820718",
    "lng": "101.694490",
    "maps_url": "https://maps.google.com/maps?daddr=2.820718, 101.694490"
  },
  {
    "name": "BK LANGKAWI",
    "city_state": "LANGKAWI, Kedah",
    "hours": "Operation Hours : 7.00a.m - 11.00p.m",
    "lat": "6.342028",
    "lng": "99.731648",
    "maps_url": "https://maps.google.com/maps?daddr=6.342028, 99.731648"
  },
  {
    "name": "BK LARKIN JUNCTION MALL",
    "city_state": "JOHOR BAHRU, Johor",
    "hours": "Operation Hours : 10.00a.m-10.00p.m",
    "lat": null,
    "lng": null,
    "maps_url": "https://maps.google.com/maps?daddr=1.499525 103.745267"
  },
  {
    "name": "BK LIMBONGAN MELAKA",
    "city_state": "Limbongan, Malacca",
    "hours": "Operation Hours :",
    "lat": "2.202659",
    "lng": "102.224102",
    "maps_url": "https://maps.google.com/maps?daddr=2.202659, 102.224102"
  },
  {
    "name": "BK Lotus Kepong",
    "city_state": "Bandar Menjalara, Federal Territory of Kuala Lumpur",
    "hours": "Operation Hours: 8.00a.m-10.00p.m",
    "lat": "3.192979",
    "lng": "101.632741",
    "maps_url": "https://maps.google.com/maps?daddr=3.192979, 101.632741"
  },
  {
    "name": "BK LOTUS TANJUNG PINANG",
    "city_state": "GEORGE TOWN, Penang",
    "hours": "Operation Hours : 10.00a.m - 10.00p.m",
    "lat": "5.458404",
    "lng": "100.308219",
    "maps_url": "https://maps.google.com/maps?daddr=5.458404, 100.308219"
  },
  {
    "name": "BK LOTUS'S BUKIT PUCHONG",
    "city_state": "PUCHONG, Selangor",
    "hours": "Operation Hours : 10.00 a.m - 10.00 p.m",
    "lat": "2.982053",
    "lng": "101.617084",
    "maps_url": "https://maps.google.com/maps?daddr=2.982053, 101.617084"
  },
  {
    "name": "BK M-CITY AMPANG",
    "city_state": "KUALA LUMPUR, Federal Territory of Kuala Lumpur",
    "hours": "Operation Hours : 9.00a.m - 11.00p.m",
    "lat": "3.158771",
    "lng": "101.747859",
    "maps_url": "https://maps.google.com/maps?daddr=3.158771, 101.747859"
  },
  {
    "name": "BK MART KEMPAS",
    "city_state": "JOHOR BAHRU, Johor",
    "hours": "Operation Hours: 9:00a.m-10:00p.m",
    "lat": "1.514171",
    "lng": "103.703194",
    "maps_url": "https://maps.google.com/maps?daddr=1.514171, 103.703194"
  },
  {
    "name": "BK MEDINI MALL",
    "city_state": "NUSAJAYA, Johor",
    "hours": "Operation Hours : 10.00 a.m - 11.00 p.m",
    "lat": "1.428854",
    "lng": "103.632986",
    "maps_url": "https://maps.google.com/maps?daddr=1.428854, 103.632986"
  },
  {
    "name": "BK MENARA HAP SENG",
    "city_state": "KUALA LUMPUR, Federal Territory of Kuala Lumpur",
    "hours": "Operation Hours : 8.00a.m-10.00p.m",
    "lat": null,
    "lng": null,
    "maps_url": "https://maps.google.com/maps?daddr=3.15307 , 101.70726"
  },
  {
    "name": "BK MENARA PERKESO",
    "city_state": "PUTRAJAYA WILAYAH PERSEKUTUAN, Federal Territory of Putrajaya",
    "hours": "Operation Hours: 8.00a.m- 8.00p.m",
    "lat": null,
    "lng": null,
    "maps_url": "https://maps.google.com/maps?daddr="
  },
  {
    "name": "BK MENARA TAMING SARI",
    "city_state": "MELAKA, Malacca",
    "hours": "Operations Hours 9.00a.m - 11.00p.m",
    "lat": "2.19098",
    "lng": "102.24684",
    "maps_url": "https://maps.google.com/maps?daddr=2.19098, 102.24684"
  },
  {
    "name": "BK MID VALLEY MEGAMALL KL",
    "city_state": "KUALA LUMPUR, Federal Territory of Kuala Lumpur",
    "hours": "Operation Hours : 8.00a.m - 10.00p.m",
    "lat": "3.118141",
    "lng": "101.676882",
    "maps_url": "https://maps.google.com/maps?daddr=3.118141, 101.676882"
  },
  {
    "name": "BK MITSUI LALAPORT",
    "city_state": "KUALA LUMPUR, Federal Territory of Kuala Lumpur",
    "hours": "Operation Hours : 10.00a.m - 10.00p.m",
    "lat": "3.140665",
    "lng": "101.707941",
    "maps_url": "https://maps.google.com/maps?daddr=3.140665, 101.707941"
  },
  {
    "name": "BK MITSUI OUTLET PARK",
    "city_state": "SEPANG, Selangor",
    "hours": "Operation Hours : 10.00a.m - 10.00p.m",
    "lat": "2.780639",
    "lng": "101.676851",
    "maps_url": "https://maps.google.com/maps?daddr=2.780639, 101.676851"
  },
  {
    "name": "BK MRR2",
    "city_state": "HULU LANGAT, Selangor",
    "hours": "Operation Hours :",
    "lat": "3.141365",
    "lng": "101.742464",
    "maps_url": "https://maps.google.com/maps?daddr=3.141365, 101.742464"
  },
  {
    "name": "BK MUTIARA DAMANSARA",
    "city_state": "PETALING JAYA, Selangor",
    "hours": "Operation Hours :",
    "lat": "3.160200",
    "lng": "101.614251",
    "maps_url": "https://maps.google.com/maps?daddr=3.160200, 101.614251"
  },
  {
    "name": "BK NIBONG TEBAL",
    "city_state": "Seberang Perai Selatan, Penang",
    "hours": "Operation Hours : 10.00a.m-10.00p.m",
    "lat": null,
    "lng": null,
    "maps_url": "https://maps.google.com/maps?daddr=5.178703 100.480949"
  },
  {
    "name": "BK OLIVE HILL",
    "city_state": "SERI KEMBANGAN, Selangor",
    "hours": "Operation Hours : 9.00 a.m - 11.00 p.m",
    "lat": "3.013571",
    "lng": "101.697181",
    "maps_url": "https://maps.google.com/maps?daddr=3.013571, 101.697181"
  },
  {
    "name": "BK ONE BORNEO",
    "city_state": "KOTA KINABALU, Sabah",
    "hours": "Operation Hours: 10.00a.m-10.00p.m",
    "lat": null,
    "lng": null,
    "maps_url": "https://maps.google.com/maps?daddr="
  },
  {
    "name": "BK One Utama",
    "city_state": "PETALING JAYA, Selangor",
    "hours": "10.00a.m-10.00p.m",
    "lat": "3.151645",
    "lng": "101.614915",
    "maps_url": "https://maps.google.com/maps?daddr=3.151645, 101.614915"
  },
  {
    "name": "BK PALM MALL",
    "city_state": "SEREMBAN, Negeri Sembilan",
    "hours": "Operation Hours : 10.00 a.m - 10.00 p.m",
    "lat": "2.719600",
    "lng": "101.922859",
    "maps_url": "https://maps.google.com/maps?daddr=2.719600, 101.922859"
  },
  {
    "name": "BK PANDAN INDAH",
    "city_state": "KUALA LUMPUR, Federal Territory of Kuala Lumpur",
    "hours": "Operation Hours : 8.00a.m - 10.00p.m",
    "lat": "3.128811",
    "lng": "101.752035",
    "maps_url": "https://maps.google.com/maps?daddr=3.128811, 101.752035"
  },
  {
    "name": "BK PAPAR SABAH DT",
    "city_state": "Papar, Sabah",
    "hours": "Operation Hours : 9.00a.m - 11.00p.m",
    "lat": null,
    "lng": null,
    "maps_url": "https://maps.google.com/maps?daddr=5.737681 115.939230"
  },
  {
    "name": "BK PARADIGM MALL",
    "city_state": "PETALING JAYA, Selangor",
    "hours": "Operation Hours : 10.00 a.m - 10.00 p.m",
    "lat": "3.105681",
    "lng": "101.595884",
    "maps_url": "https://maps.google.com/maps?daddr=3.105681, 101.595884"
  },
  {
    "name": "BK PAVILION BUKIT JALIL",
    "city_state": "KUALA LUMPUR, Federal Territory of Kuala Lumpur",
    "hours": "Operation Hours : 10.00a.m - 10.00p.m",
    "lat": "3.050548",
    "lng": "101.671612",
    "maps_url": "https://maps.google.com/maps?daddr=3.050548, 101.671612"
  },
  {
    "name": "BK PAVILION BUNDUSAN",
    "city_state": "KOTA KINABALU, Sabah",
    "hours": "Operations Hours : 9.00a.m-11.00p.m",
    "lat": null,
    "lng": null,
    "maps_url": "https://maps.google.com/maps?daddr=5.928896 , 116.094191"
  },
  {
    "name": "BK PAVILION ELITE KL",
    "city_state": "KUALA LUMPUR, Federal Territory of Kuala Lumpur",
    "hours": "Operation Hours : 10.00a.m - 10.00p.m",
    "lat": "3.148855",
    "lng": "101.713243",
    "maps_url": "https://maps.google.com/maps?daddr=3.148855, 101.713243"
  },
  {
    "name": "BK PEARL CITY MALL",
    "city_state": "SIMPANG AMPAT, Penang",
    "hours": "Operations Hour : 8.00am-10.00pm",
    "lat": "5.276871",
    "lng": "100.490212",
    "maps_url": "https://maps.google.com/maps?daddr=5.276871, 100.490212"
  },
  {
    "name": "BK PEKAN MERU",
    "city_state": "KLANG, Selangor",
    "hours": "Operation Hours : 8.00am-11.00pm",
    "lat": "3.135068",
    "lng": "101.439769",
    "maps_url": "https://maps.google.com/maps?daddr=3.135068, 101.439769"
  },
  {
    "name": "BK PEKAN NANAS",
    "city_state": "PEKAN NANAS, Johor",
    "hours": "Operations Hour :8.00am - 11.00pm",
    "lat": "1.509580",
    "lng": "103.509398",
    "maps_url": "https://maps.google.com/maps?daddr=1.509580, 103.509398"
  },
  {
    "name": "BK PETRON KLUANG",
    "city_state": "Kluang, Johor",
    "hours": "Operation Hours :",
    "lat": null,
    "lng": null,
    "maps_url": "https://maps.google.com/maps?daddr="
  },
  {
    "name": "BK PETRON KOTA MASAI DT",
    "city_state": "Pasir Gudang, Johor",
    "hours": "Operation Hours : 08.00a.m - 11.00p.m",
    "lat": "1.484966",
    "lng": "103.950114",
    "maps_url": "https://maps.google.com/maps?daddr=1.484966, 103.950114"
  },
  {
    "name": "BK PETRON SETIA ALAM",
    "city_state": "SHAH ALAM, Selangor",
    "hours": "Operation Hours :",
    "lat": "3.101722",
    "lng": "101.444285",
    "maps_url": "https://maps.google.com/maps?daddr=3.101722,101.444285"
  },
  {
    "name": "BK PETRONAS KM 13 JALAN SKUDAI DT",
    "city_state": "SKUDAI, Johor",
    "hours": "Operation Hours :",
    "lat": null,
    "lng": null,
    "maps_url": "https://maps.google.com/maps?daddr=1.5241101 103.6777896"
  },
  {
    "name": "BK PETRONAS PERSIARAN INDAH",
    "city_state": "JOHOR BAHRU, Johor",
    "hours": "Operation Hours :",
    "lat": "1.48267",
    "lng": "103.65834",
    "maps_url": "https://maps.google.com/maps?daddr=1.48267, 103.65834"
  },
  {
    "name": "BK PJ OLDTOWN",
    "city_state": "PETALING JAYA, Selangor",
    "hours": "Operation Hours: 8.00a.m-11.00p.m",
    "lat": "3.086509",
    "lng": "101.648705",
    "maps_url": "https://maps.google.com/maps?daddr=3.086509, 101.648705"
  },
  {
    "name": "BK PJ33 CYBER CENTRE",
    "city_state": "PETALING JAYA, Selangor",
    "hours": "10:00AM-10:00PM",
    "lat": "3.110161",
    "lng": "101.637294",
    "maps_url": "https://maps.google.com/maps?daddr=3.110161, 101.637294"
  },
  {
    "name": "BK PLAZA 333",
    "city_state": "PENAMPANG, Sabah",
    "hours": "Operation Hours: 8.00am - 11.00pm",
    "lat": "5.923509",
    "lng": "116.076990",
    "maps_url": "https://maps.google.com/maps?daddr=5.923509, 116.076990"
  },
  {
    "name": "BK PLAZA LOW YAT",
    "city_state": "KUALA LUMPUR, Federal Territory of Kuala Lumpur",
    "hours": "Operation Hours : 10.00a.m - 10.00p.m",
    "lat": "3.144428",
    "lng": "101.709853",
    "maps_url": "https://maps.google.com/maps?daddr=3.144428, 101.709853"
  },
  {
    "name": "BK PLAZA MERDEKA",
    "city_state": "KUCHING, Sarawak",
    "hours": "Operation Hours : 10.00 a.m - 10.00 p.m",
    "lat": "1.558499",
    "lng": "110.343741",
    "maps_url": "https://maps.google.com/maps?daddr=1.558499, 110.343741"
  },
  {
    "name": "BK PLAZA SERDANG RAYA",
    "city_state": "SERI KEMBANGAN, Selangor",
    "hours": "Operation Hours : 9.00am - 11.00pm",
    "lat": "3.042855",
    "lng": "101.704482",
    "maps_url": "https://maps.google.com/maps?daddr=3.042855, 101.704482"
  },
  {
    "name": "BK PLAZA TANJUNG ARU",
    "city_state": "KOTA KINABALU, Sabah",
    "hours": "Operation Hours : 9.00a.m - 11.00p.m",
    "lat": "5.951647",
    "lng": "116.052810",
    "maps_url": "https://maps.google.com/maps?daddr=5.951647, 116.052810"
  },
  {
    "name": "BK PONTIAN-SKUDAI HIGHWAY",
    "city_state": "SKUDAI, Johor",
    "hours": "Operation Hours :",
    "lat": "1.551252",
    "lng": "103.649698",
    "maps_url": "https://maps.google.com/maps?daddr=1.551252, 103.649698"
  },
  {
    "name": "BK PRANGIN MALL",
    "city_state": "GEORGE TOWN, Penang",
    "hours": "Operations Hours 10.00a.m - 10.00p.m",
    "lat": "5.41391",
    "lng": "100.33136",
    "maps_url": "https://maps.google.com/maps?daddr=5.41391, 100.33136"
  },
  {
    "name": "BK Puchong Permai",
    "city_state": "PUCHONG, Selangor",
    "hours": "Operation Hours: 8.00am - 11.00pm",
    "lat": null,
    "lng": null,
    "maps_url": "https://maps.google.com/maps?daddr=3.008211 101.598772"
  },
  {
    "name": "BK PUNCAK ALAM",
    "city_state": "KUALA SELANGOR, Selangor",
    "hours": "Operation Hours :",
    "lat": "3.233683",
    "lng": "101.450189",
    "maps_url": "https://maps.google.com/maps?daddr=3.233683, 101.450189"
  },
  {
    "name": "BK PUNCAK JALIL",
    "city_state": "SERI KEMBANGAN, Selangor",
    "hours": "Operation Hours : 8.00a.m-11.00p.m",
    "lat": "3.019570",
    "lng": "101.675151",
    "maps_url": "https://maps.google.com/maps?daddr=3.019570, 101.675151"
  },
  {
    "name": "BK PUSAT PERNIAGAAN JUTA",
    "city_state": "Pontian, Johor",
    "hours": "Operations Hour : 8.00am-11.00pm",
    "lat": "1.487060",
    "lng": "103.391560",
    "maps_url": "https://maps.google.com/maps?daddr=1.487060, 103.391560"
  },
  {
    "name": "BK PUTATAN",
    "city_state": "KOTA KINABALU, Sabah",
    "hours": "Operation Hours : 9.00a.m - 11.00p.m",
    "lat": "5.897943",
    "lng": "116.048579",
    "maps_url": "https://maps.google.com/maps?daddr=5.897943, 116.048579"
  },
  {
    "name": "BK QUAYSIDE MALL",
    "city_state": "KUALA LANGAT, Selangor",
    "hours": "Operations Hours : 10.00a.m - 10.00p.m",
    "lat": null,
    "lng": null,
    "maps_url": "https://maps.google.com/maps?daddr=2.955102 , 101.551760"
  },
  {
    "name": "BK Queen's Bay",
    "city_state": "Bayan Lepas, Penang",
    "hours": "Operation Hours: 10.00a.m-10.00p.m",
    "lat": "5.333195",
    "lng": "100.306613",
    "maps_url": "https://maps.google.com/maps?daddr=5.333195, 100.306613"
  }
]