[
    {
        "id": 115,
        "name": "All Seasons Place",
        "lat": "5.39634250",
        "lng": "100.29049810",
        "details": "All Seasons Place\n \n Unit No: 6G-1-12 , Level 1 All Seasons Place, Lebuhraya Thean Teik Bandar Baru Air Itam Penang 11500 \nOpening Hours\n \nSun - Thu: 8.00 AM – 10.00 PM\nFri,Sat, & Eve of PH: 8.00 AM - 11.00 PM"
    },
    {
        "id": 118,
        "name": "Ativo Plaza ",
        "lat": "3.19536350",
        "lng": "101.61687390",
        "details": "Ativo Plaza \n \n Level 1, Ativo Plaza, Lot A-G-2, Block A, No. 1 Jalan PJU 9/1, Damansara Avenue, Bandar Sri Damansara, PJU 9 Kuala Lumpur Federal Territories Kuala Lumpur 52200 \nDaily: 7.30 am - 11:00 am https://cbtl.order.place/store/5286222216822784/mode/takeaway\nOpening Hours\n \nDaily: 7.00 AM - 10.30 PM"
    },
    {
        "id": 121,
        "name": "Atria Shopping Gallery ",
        "lat": "3.12709630",
        "lng": "101.61651760",
        "details": "Atria Shopping Gallery \n \n Lot G38, Ground Floor, Atria Shopping Gallery, Atria Damansara, Jalan SS22/23, Damansara Jaya Petaling Jaya Selangor 47400 \nDaily: 10:00 am – 10:00 pm https://cbtl.order.place/store/6463886512357376/mode/takeaway\nOpening Hours\n \nDaily: 10.00 AM - 10.00 PM"
    },
    {
        "id": 124,
        "name": "Botanica Balik Pulau",
        "lat": "5.37248700",
        "lng": "100.21967500",
        "details": "Botanica Balik Pulau\n \n 142A, Ground Floor, Jalan Sungai Air Putih Balik Pulau Penang 11000 \nDaily: 8:00am - 11:00pm https://cbtl.order.place/store/5321021763092480/mode/takeaway\nOpening Hours\n \nDaily: 9.30 AM - 9.30 PM"
    },
    {
        "id": 127,
        "name": "Bagan Ajam Drive Thru",
        "lat": "5.43887370",
        "lng": "100.38309700",
        "details": "Bagan Ajam Drive Thru\n \n No.9, Lorong Oren, Pusat Perniagaan Oren Butterworth Penang 13000 \nDaily: 7:00 am – 12:30 am https://cbtl.order.place/store/5680609568489472/mode/takeaway\nOpening Hours\n \nDaily: 7.00 AM - 12.30 AM"
    },
    {
        "id": 130,
        "name": "Batu Pahat Old Street",
        "lat": "1.86311540",
        "lng": "102.95416320",
        "details": "Batu Pahat Old Street\n \n No. 21, Ground Floor, Jalan Rotan Utama, Taman Sri Jaya Batu Pahat Johor 83000 \nDaily: 7.00 am - 12:00 am (Drive-In Available) https://cbtl.order.place/store/6265468150087680/mode/takeaway\nOpening Hours\n \nDaily: 7.30 AM - 11.30 PM"
    },
    {
        "id": 133,
        "name": "Bangsar Shopping Centre",
        "lat": "3.14317540",
        "lng": "101.66736530",
        "details": "Bangsar Shopping Centre\n \n Lot G112 G113 G114 & GK5, Ground Floor Bangsar Shopping Centre 285 Jalan Maarof Kuala Lumpur Federal Territories Kuala Lumpur 59000 \nDaily: 7:30 am - 10:00 pm https://cbtl.order.place/store/6302808243437568/mode/takeaway\nOpening Hours\n \nDaily: 7.30 AM - 10.00 PM"
    },
    {
        "id": 136,
        "name": "Bangsar New Village II",
        "lat": "3.12969750",
        "lng": "101.67074170",
        "details": "Bangsar New Village II\n \n Lot no. GF-17, Ground Floor, Bangsar Village II, No 2, Jalan Telawi Satu Kuala Lumpur Federal Territories Kuala Lumpur 59100 \nDaily: 7:00 am - 12:00 am https://cbtl.order.place/store/5740223362236416/mode/takeaway\nOpening Hours\n \nDaily: 7.30 AM - 11.00 PM"
    },
    {
        "id": 139,
        "name": "Centrum Cameron Highlands",
        "lat": "4.49105000",
        "lng": "101.38850710",
        "details": "Centrum Cameron Highlands\n \n Lot 44, C-G-44, Precinct 1, Cameron Centrum, Brinchang Cameron Highlands Pahang 39100 \nDaily: 8:00 am - 11:00 pm https://cbtl.order.place/store/5680370268241920/mode/takeaway\nOpening Hours\n \nDaily: 8.30 AM - 10.30 PM"
    },
    {
        "id": 142,
        "name": "Cheras Leisure Mall",
        "lat": "3.09058140",
        "lng": "101.74211750",
        "details": "Cheras Leisure Mall\n \n Lot G04, 05 & 06, Ground Floor, Cheras Leisure Mall, Jalan Manis 6, Taman Segar Kuala Lumpur Federal Territories Kuala Lumpur 56100 \nDaily: 8.00 am – 10.00 pm https://cbtl.order.place/store/4514602720165888/mode/takeaway\nOpening Hours\n \nDaily: 9.00 AM - 10.00 PM"
    },
    {
        "id": 145,
        "name": "The Curve",
        "lat": "3.15774840",
        "lng": "101.61140500",
        "details": "The Curve\n \n Lot G31, Ground Floor, The Curve, No.6 Jln PJU7/3 Mutiara Damansara Petaling Jaya Selangor 47800 \nDaily: 8.00 am – 10:00 pm https://cbtl.order.place/store/4671722690183168/mode/takeaway\nOpening Hours\n \nDaily: 8.00 AM - 10.00 PM"
    },
    {
        "id": 148,
        "name": "Centrepoint Seremban Drive Thru",
        "lat": "2.72253610",
        "lng": "101.95531330",
        "details": "Centrepoint Seremban Drive Thru\n \n Lot No: GE-01, Ground & First Floor, Centerpoint Seremban, Lot PT 9149 Jalan Dato' Siamang Gagap Seremban Negeri Sembilan 70100 \nDaily: 7:00 am – 1:00 am https://cbtl.order.place/store/5148465737760768/mode/takeaway\nOperating Hours\n \nDaily: 7.00 AM - 12.30 AM"
    },
    {
        "id": 151,
        "name": "Centrio Seremban 2",
        "lat": "2.69187050",
        "lng": "101.90518730",
        "details": "Centrio Seremban 2\n \n Lot No: 158-G, Jalan S2 B22, Pusat Dagang Seremban 2 Seremban Negeri Sembilan 70300 \nDaily: 7.30 am - 12:30 am https://cbtl.order.place/store/5774301939630080/mode/takeaway\nOperating Hours\n \nDaily: 7.30 AM - 12.00 AM"
    },
    {
        "id": 154,
        "name": "Central Shopping Kulim",
        "lat": "5.38565440",
        "lng": "100.54673760",
        "details": "Central Shopping Kulim\n \n Lot GF-03 Ground Floor, Jalan KLC Satu, Kulim Central Shopping Centre Kulim Kedah 09000 \nDaily: 8.00 am - 10.30 pm https://cbtl.order.place/store/6135772527722496/mode/takeaway\nOpening Hours\n \nDaily: 9.00 AM - 10.00 PM"
    },
    {
        "id": 157,
        "name": "City Square",
        "lat": "1.46233500",
        "lng": "103.76337400",
        "details": "City Square\n \n Lot J1-01 & JK1-16, Level 1 Johore Bahru City Square, 108 Jalan Wong Ah Fook Johor Bahru Johor 80000 \nDaily: 9.00 am – 10.00 pm https://cbtl.order.place/store/5641499327856640/mode/takeaway\nOpening Hours\n \nDaily: 9.30 AM - 10.00 PM"
    },
    {
        "id": 160,
        "name": "Da Men USJ",
        "lat": "3.05800520",
        "lng": "101.59255090",
        "details": "Da Men USJ\n \n Lot G-14, Da Men Mall USJ 1, Persiaran Kewajipan , USJ 1 47600 Subang Jaya Selangor Darul Ehsan Petaling Jaya Selangor 47600 \nDaily: 10:00 am – 10:00 pm https://cbtl.order.place/store/6115492623286272/mode/takeaway\nOpening Hours\n \nDaily: 10.00 AM - 10.00 PM"
    },
    {
        "id": 163,
        "name": "KPJ Damansara Specialist Hospital",
        "lat": "3.13755600",
        "lng": "101.62753500",
        "details": "KPJ Damansara Specialist Hospital\n \n Ground Floor, KPJ Damansara Specialist Hospital, 119 Jalan SS 20/10, Damansara Utama Petaling Jaya Selangor 47400 \nOpening Hours\n \nDaily: 7.00 AM - 8.00 PM\nDaily: 7:00 am - 8:30 pm https://cbtl.order.place/store/4710972919906304/mode/takeaway"
    },
    {
        "id": 166,
        "name": "Desa ParkCity",
        "lat": "3.18761290",
        "lng": "101.62712650",
        "details": "Desa ParkCity\n \n The Waterfront @ Parkcity Lot No. GF-09, Ground Level 5 Persiaran Residen Kuala Lumpur Federal Territories Kuala Lumpur 52200 \nDaily: 6:30 am - 11:00 pm https://cbtl.order.place/store/6412122123665408/mode/takeaway\nOpening Hours\n \nDaily: 7.00 AM - 11.00 PM"
    },
    {
        "id": 169,
        "name": "Dpulze Cyberjaya",
        "lat": "2.92205480",
        "lng": "101.65096800",
        "details": "Dpulze Cyberjaya\n \n Lot G 22 Ground Floor,Dpulze Shopping Centre, P-01 Dpulze, Lingkaran Cyber Point Timur,Cyber 12 Cyberjaya Selangor 63000 \nDaily: 8.30 am – 10.00 pm https://cbtl.order.place/store/5681936075849728/mode/takeaway\nOpening Hours\n \nDaily: 8.30 AM - 10.00 PM"
    },
    {
        "id": 172,
        "name": "Eco Botanic",
        "lat": "1.43858310",
        "lng": "103.62026340",
        "details": "Eco Botanic\n \n No. 8 Jalan Eko Botani 3/3 Taman Eko Botani Iskandar Puteri, Johor Darul Takzim Johor 79100 \nDaily: 7.00 am - 11.30 pm https://cbtl.order.place/store/6101417361145856/mode/takeaway\nOpening Hours\n \nDaily: 8.00 AM - 10.30 PM"
    },
    {
        "id": 175,
        "name": "E-Gate",
        "lat": "5.37598600",
        "lng": "100.31532340",
        "details": "E-Gate\n \n 1-01-06, E-Gate Commercial Centre, Lebuh Tunku Kudin 2 Penang Penang 11700 \nDaily: 7.00 am – 10.00 pm https://cbtl.order.place/store/5699803240464384/mode/takeaway\nOperating Hours\n \nDaily: 7.30 AM - 10.00 PM"
    },
    {
        "id": 178,
        "name": "EkoCheras Mall",
        "lat": "3.09267820",
        "lng": "101.73946140",
        "details": "EkoCheras Mall\n \n M-G-33, Ekocheras Mall No. 693, Batu 5, Jalan Cheras Kuala Lumpur Federal Territories Kuala Lumpur 56000 \nDaily: 9:00 am – 10:00 pm https://cbtl.order.place/store/5405950436442112/mode/takeaway\nOpening Hours\n \nDaily: 10.00 AM - 10.00 PM"
    },
    {
        "id": 181,
        "name": "Empire Shopping Gallery ",
        "lat": "3.08177830",
        "lng": "101.58280380",
        "details": "Empire Shopping Gallery \n \n LG 23, Empire Shopping Gallery Jalan SS 16/1, SS 16 Subang Jaya Selangor 47500 \nDaily: 7.30 am - 10.30 pm https://cbtl.order.place/store/6181078619389952/mode/takeaway\nOpening Hours\n \nDaily: 8.00 AM - 10.00 PM"
    },
    {
        "id": 184,
        "name": "Gleneagles Hospital Penang 2",
        "lat": "5.42681000",
        "lng": "100.32004500",
        "details": "Gleneagles Hospital Penang 2\n \n Ground Floor, No. 1 Jalan Pangkor Penang Penang 10050 \nDaily: 7.00 am – 8.30 pm https://cbtl.order.place/store/5723439485681664/mode/takeaway\nOpening Hours\n \nDaily: 7.00 AM - 8.30 PM"
    },
    {
        "id": 187,
        "name": "Gravity Green Johor",
        "lat": "1.49630720",
        "lng": "103.87170060",
        "details": "Gravity Green Johor\n \n Block A3, G-01, Gravity Green Seri Alam, Jalan Suria, Bandar Baru Seri Alam Masai Johor 81750 \nDaily: 8:00 am – 11:00 pm (Drive-In Available) https://cbtl.order.place/store/5652770405744640/mode/takeaway\nOpening Hours\n \nDaily: 8.00 AM - 10.30 PM"
    },
    {
        "id": 190,
        "name": "G Hotel ",
        "lat": "5.43773310",
        "lng": "100.31057470",
        "details": "G Hotel \n \n Unit No. G-03 Retail Space 1, Ground Floor, G Hotel 168A, Persiaran Gurney Georgetown Penang 10250 \nDaily: 7.00 am – 12.00 am https://cbtl.order.place/store/5716478954307584/mode/takeaway\nOpening Hours\n \nDaily: 7.30 AM - 11.00 PM"
    },
    {
        "id": 193,
        "name": "Galeri Impian Penang",
        "lat": "5.31573120",
        "lng": "100.47846160",
        "details": "Galeri Impian Penang\n \n No:2332-G, Jalan Rozhan, Galeri Impian Penang Bukit Mertajam Penang 14000 \nDaily: 7.00 am to 12.00 am https://cbtl.order.place/store/2337133897/mode/takeaway\nOpening Hours\n \nDaily: 8.00 AM - 11.00 PM"
    },
    {
        "id": 196,
        "name": "Gamuda Walk",
        "lat": "3.00059540",
        "lng": "101.53351620",
        "details": "Gamuda Walk\n \n G-01 Gamuda Walk, Wisma Biz Gamuda,No. 12, Persiaran Anggerik Vanilla, Kota Kemuning, Seksyen 31 Shah Alam Selangor 40460 \nDaily: 8:00 am – 10:00 pm https://cbtl.order.place/store/6095036767797248/mode/takeaway\nOpening Hours\n \nDaily: 8.00 AM - 10.00 PM"
    },
    {
        "id": 199,
        "name": "Genting Premium Outlets",
        "lat": "3.40337650",
        "lng": "101.78311590",
        "details": "Genting Premium Outlets\n \n Suite No. 638 Genting Highlands Premium Outlets® KM13, Genting Highlands Resorts Pahang Darul Makmur Genting Highlands Pahang 69000 \nDaily: 10.00 am to 10.00 pm https://cbtl.order.place/store/6248023368663040/mode/takeaway\nOpening Hours\n \nDaily: 10.00 AM - 10.00 PM"
    },
    {
        "id": 205,
        "name": "Golden Triangle 2",
        "lat": "5.32991640",
        "lng": "100.27518750",
        "details": "Golden Triangle 2\n \n No. 35-1-18 & 19, Golden Triangle 2, Jalan Dato Ismail Hashim Bayan Lepas Penang 11900 \nDaily: 7.30 am to 12.00 am https://cbtl.order.place/store/6511280008462336/mode/takeaway\nOpening Hours\n \nDaily: 7.30 AM - 11.30 PM\n \nOrder Ahead Here"
    },
    {
        "id": 208,
        "name": "Gurney Walk Penang",
        "lat": "5.43039620",
        "lng": "100.31931370",
        "details": "Gurney Walk Penang\n \n Lot G-12, Ground Floor, Gurney Walk No. 18 Persiaran Gurney Georgetown Penang 10250 \nSun - Thu: 7.00 am – 11.00 pm Fri,Sat,& PH: 7.00am to 12.00 am https://cbtl.order.place/store/2316254738/mode/takeaway\nOpening Hours\nSun - Thu: 7.00 AM – 11.00 PM\nFri,Sat,& PH: 7.00 AM to 12.00 AM"
    },
    {
        "id": 211,
        "name": "Hartamas Shopping Centre",
        "lat": "3.16400330",
        "lng": "101.65681370",
        "details": "Hartamas Shopping Centre\n \n Lot G-20, Ground Floor, Hartamas Shopping Centre, No. 60 Jalan Sri Hartamas 1, Sri Hartamas Kuala Lumpur Federal Territories Kuala Lumpur 50480 \nDaily: 7.30 am – 10:00 pm\nOpening Hours\n \nDaily: 7.30 AM - 10.00 PM"
    },
    {
        "id": 214,
        "name": "Icon City Penang",
        "lat": "5.34542260",
        "lng": "100.43449380",
        "details": "Icon City Penang\n \n Ground & Mezzanine Floor,No 5, Jalan Icon City, Icon City Bukit Mertajam Penang 14000 \nDaily: 7.00 am - 12.00 am (Drive-In Available) https://cbtl.order.place/store/6380844738936832/mode/takeaway\nOpening Hours\n \nDaily: 8.00 AM - 10.00 PM"
    },
    {
        "id": 217,
        "name": "IOI City Mall",
        "lat": "2.97065610",
        "lng": "101.71367780",
        "details": "IOI City Mall\n \n Lot G-27 , Ground Floor , IOI City Mall Lebuh IRC, IOI Resort City Putrajaya Selangor 62502 \nOperating Hours\n \nDaily: 8.00 AM - 11.30 PM\nDaily: 8.00 am - 11.30 pm"
    },
    {
        "id": 223,
        "name": "IOI Mall Puchong",
        "lat": "3.04494410",
        "lng": "101.61808820",
        "details": "IOI Mall Puchong\n \n Lot G00A3A - G00A5B & G00A5C, Ground Floor IOI Mall, Jalan Puchong, Bandar Puchong Jaya Puchong Selangor 47170 \nDaily: 9:30 am – 10:00 pm\nOpening Hours\n \nDaily: 9.30 AM - 10.00 PM"
    },
    {
        "id": 226,
        "name": "Kinta City",
        "lat": "4.61397630",
        "lng": "101.11865270",
        "details": "Kinta City\n \n Lot G28A, Ground Floor Kinta City Shopping Centre No.2 Jalan Teh Lean Swee Off Jalan Sultan Azlan Shah Utara Ipoh Perak 31400 \nMon - Fri: 9.00 am – 10.00pm Sat, Sun & PH: 9.00 am - 10.30 pm https://cbtl.order.place/store/6173458978308096/mode/dinein\nOpening Hours\n \nSun - Thu: 9.00 AM - 1.00 PM \nFri, Sat & PH: 9.00 AM - 10:30 PM"
    },
    {
        "id": 229,
        "name": "Jade Hills Kajang",
        "lat": "2.99281830",
        "lng": "101.76029010",
        "details": "Jade Hills Kajang\n \n No.65-1, Jalan Dataran Jade 4,  Dataran Jade, Jade Hills Kajang Selangor 43000 \nOpening Hours\n \nDaily: 7.30 AM - 11.30 PM\nSun - Thu: 7.00 am - 11.00 pm Fri,Sat & Eve of PH: 7.00 am - 12.00 am https://cbtl.order.place/store/5430962825986048/mode/takeaway"
    },
    {
        "id": 232,
        "name": "AEON Bandaraya Melaka Shopping Centre",
        "lat": "2.21490720",
        "lng": "102.24585110",
        "details": "AEON Bandaraya Melaka Shopping Centre\n \n Lot G86, AEON Bandaraya Melaka Shopping Centre No. 2 Jalan Lagenda, Taman I-Lagenda Malacca Malacca 75400 \nDaily: 10:00 am – 9:00 pm\nOpening Hours\n \nDaily: 10.00 AM - 9.00 PM"
    },
    {
        "id": 235,
        "name": "Johor Premium Outlets",
        "lat": "1.60289410",
        "lng": "103.62148250",
        "details": "Johor Premium Outlets\n \n Suite 200, Johor Premium Outlets, Indahpura Kulai Johor 81000 \nDaily: 10:00 am – 10:00 pm\nOpening Hours\n \nDaily: 10.00 AM - 10.00 PM"
    },
    {
        "id": 238,
        "name": "AEON Ipoh Station 18 ",
        "lat": "4.54368390",
        "lng": "101.07149250",
        "details": "AEON Ipoh Station 18 \n \n Lot G67, Ground Floor, Aeon Ipoh Station 18 Shopping Centre No. 2, Susuran Stesen 18, Station 18 Ipoh Perak 31650 \nSun - Thu: 10.00 am – 10:00 pm Fri,Sat, & PH: 10.00 am - 10.30 pm https://cbtl.order.place/store/5286222216822784/mode/dinein\nOpening Hours\n \nSun - Thu: 10.00 AM – 10:00 PM\nFri,Sat, & PH: 10.00 AM - 10.30 PM"
    },
    {
        "id": 241,
        "name": "Jaya One",
        "lat": "3.11767080",
        "lng": "101.63570200",
        "details": "Jaya One\n \n G.003, Block E, The Square, Jaya One, No:72A, Jln Prof Diraja Ungku Aziz Petaling Jaya Selangor 46200 \nDaily: 8:00 am – 11:00 pm\nOpening Hours\n \nDaily: 7.30 AM - 10.30 PM"
    },
    {
        "id": 244,
        "name": "PJ33",
        "lat": "3.11077210",
        "lng": "101.63728830",
        "details": "PJ33\n \n Unit PG-02A, Level G, PJ33, No. 3, Jalan Professor Khoo Kay Kim, Seksyen 13 Petaling Jaya Selangor 46200 \nDaily: 7:00 am – 10:00 pm https://cbtl.order.place/store/6561071455272960/mode/dinein\nOpening Hours\n \nDaily: 7.00 AM - 10.00 PM"
    },
    {
        "id": 247,
        "name": "Kuantan City Mall",
        "lat": "3.81733140",
        "lng": "103.32772160",
        "details": "Kuantan City Mall\n \n Lot GF-19 & 19-AL, Ground Floor, Kuantan City Mall, Jalan Putra Square 6/1, Putra Square Kuantan Pahang 25300 \nDaily: 8.00 am – 10.00 pm\nOperating Hours\n \nDaily: 9.30 AM - 10.00 PM"
    },
    {
        "id": 250,
        "name": "Suria KLCC",
        "lat": "3.15815400",
        "lng": "101.71208990",
        "details": "Suria KLCC\n \n Lot OS204 & 218, Second Floor, Suria KLCC, KL City Centre Kuala Lumpur Federal Territories Kuala Lumpur 50088 \nOpening Hours\n \nDaily: 7.30 AM - 10.00 PM\nDaily: 7:30 am – 10:00 pm"
    },
    {
        "id": 253,
        "name": "KL East Mall",
        "lat": "3.22536850",
        "lng": "101.72980590",
        "details": "KL East Mall\n \n LG-02, KL East Mall, Off MRR2 Kuala Lumpur Federal Territories Kuala Lumpur 53100 \nDaily: 10:00 am – 10:00 pm\nOpening Hours\n \nDaily: 10.00 AM - 10.00 PM"
    },
    {
        "id": 256,
        "name": "Kluang Mall",
        "lat": "2.04007370",
        "lng": "103.32057980",
        "details": "Kluang Mall\n \n Lot G-11, Ground Floor, Kluang Mall, Jalan Rambutan, Bandar Kluang Kluang Johor 86000 \nDaily: 9:00 am – 10:30 pm \n \nClick here for order and pickup\nOpening Hours\n \nDaily: 10.00 AM - 10.00 PM"
    },
    {
        "id": 259,
        "name": "KOMTAR Johor Bahru",
        "lat": "1.46289400",
        "lng": "103.76322900",
        "details": "KOMTAR Johor Bahru\n \n Lot G01, Ground Floor, KOMTAR, Johor Bahru City Centre Johor Bahru Johor 80000 \nDaily: 11.00 am – 10.00 pm https://cbtl.order.place/store/5769768576483328/mode/dinein \nOpening Hours\n \nDaily: 10.00 AM - 10.00 PM"
    },
    {
        "id": 262,
        "name": "Karpal Singh Drive",
        "lat": "5.39666860",
        "lng": "100.32858810",
        "details": "Karpal Singh Drive\n \n 29C-1-7 Maritime, Persiaran Karpal Singh Jelutong Penang 11600 \nDaily: 7.00 am - 12.00 am https://cbtl.order.place/store/5241071641559040/mode/dinein \nOpening Hours\n \nDaily: 7.30 AM - 12.00 AM"
    },
    {
        "id": 265,
        "name": "KSL City",
        "lat": "1.48543840",
        "lng": "103.76288110",
        "details": "KSL City\n \n G-03&03A, KSL CITY No. 33 Jalan Seladang Taman Abad Johor Bahru Johor 80250 \nDaily: 9:30 am – 11:00 pm https://cbtl.order.place/store/5201027211984896/mode/dinein \nOpening Hours\n \nDaily: 9.30 AM - 10.30 PM"
    },
    {
        "id": 268,
        "name": "Link Bukit Jalil",
        "lat": "3.05208940",
        "lng": "101.67890880",
        "details": "Link Bukit Jalil\n \n C-13-G, The Link 2 No. 5 Jalan Jalil Perkasa 1 Bukit Jalil Federal Territories Kuala Lumpur 57000 \nDaily: 7.00 am – 12.00 am https://cbtl.order.place/store/5736784720822272/mode/takeaway\nOpening Hours\n \nDaily: 7.00 AM - 11.30 PM"
    },
    {
        "id": 271,
        "name": "Lot 10",
        "lat": "3.14660720",
        "lng": "101.71162190",
        "details": "Lot 10\n \n F27 & F28, First Floor Lot 10 Shopping Centre 50 Jalan Sultan Ismail Kuala Lumpur Federal Territories Kuala Lumpur 50250 \nDaily: 10:00 am – 10:00 pm https://cbtl.order.place/store/5735087504097280/mode/takeaway\nOpening Hours\n \nDaily: 10.00 AM - 10.00 PM"
    },
    {
        "id": 274,
        "name": "Mitsui Outlet Park",
        "lat": "2.77941850",
        "lng": "101.67689640",
        "details": "Mitsui Outlet Park\n \n No. F47, Tingkat 1 , Mitsui Outlet Park KLIA Persiaran Komersial Sepang Selangor 64000 \nDaily: 10.00 am – 10.00 pm https://cbtl.order.place/store/6524327104086016/mode/takeaway\nOpening Hours\n \nDaily: 7.00 AM - 11.30 PM"
    },
    {
        "id": 277,
        "name": "Jusco Melaka Shopping Centre ",
        "lat": "2.23479800",
        "lng": "102.28140290",
        "details": "Jusco Melaka Shopping Centre \n \n Lot G39, Ground Floor Jusco Melaka Shopping Center Lebuh Ayer Keroh Malacca 75450 \nSun - Thu: 10:00 am – 10:00 pm Fri,Sat, & PH: 10.00 am - 10.30 pm https://cbtl.order.place/store/5004747240112128/mode/takeaway\nOpening Hours\n \nSun - Thu: 10.00 AM - 10.00 PM\n \nFri, Sat & Public Holiday: 10.00 AM - 10.30 PM"
    },
    {
        "id": 283,
        "name": "Mesra Mall Terengganu",
        "lat": "4.44015220",
        "lng": "103.44825130",
        "details": "Mesra Mall Terengganu\n \n Lot 23, Ground Floor, Mesra Mall Lot 6490, Jalan Kemaman-Dungun, Daerah Kemaman Kemasik Terengganu 24200 \nDaily: 10:00 am – 10:00 pm https://cbtl.order.place/store/6382892337856512/mode/takeaway\nOpening Hours\n \nDaily: 10.00 AM - 10.00 PM"
    },
    {
        "id": 286,
        "name": "Moulmein Rise",
        "lat": "5.42945380",
        "lng": "100.31236500",
        "details": "Moulmein Rise\n \n No:9-1-01, Moulmein Rise, Jalan Moulmein, Pulau Tikus Georgetown Penang 10350 \nSun - Thu: 7.00 am – 11.00 pm Fri,Sat, & PH: 7.00 am - 12.00 am https://cbtl.order.place/store/5791586902867968/mode/takeaway\nOpening Hours\n \nDaily: 7.00 AM - 11.00 PM"
    },
    {
        "id": 289,
        "name": "Mesa Mall Nilai",
        "lat": "2.81853770",
        "lng": "101.77483280",
        "details": "Mesa Mall Nilai\n \n G-33b & G33c, Pusat Membeli- Belah Mesa, Pusat Perniagaan & Residensi Mesa, Persiaran Ilmu, Putra Nilai Nilai Negeri Sembilan 71800 \nDaily: 9:00 am – 10:00 pm https://cbtl.order.place/store/5747954353700864/mode/takeaway\nOpening Hours\n \nDaily: 10.00 AM - 10.00 PM"
    },
    {
        "id": 292,
        "name": "Mont Kiara",
        "lat": "3.16689690",
        "lng": "101.65302640",
        "details": "Mont Kiara\n \n Shop No.6, Verandah No.6 & Terrace B Ground Floor, Shoplex Mont’ Kiara Off Jalan Bukit Kiara Kuala Lumpur Federal Territories Kuala Lumpur 50480 \nDaily: 7:00 am – 12:00 am https://cbtl.order.place/store/5110326327508992/mode/takeaway\nOpening Hours\n \nDaily: 7.00 AM - 12.00 AM"
    },
    {
        "id": 295,
        "name": "Mid Valley Exhibition",
        "lat": "3.11740730",
        "lng": "101.67805450",
        "details": "Mid Valley Exhibition\n \n Lot No. T-033A, Third Floor, Mid Valley Megamall, Mid Valley City, Lingkaran Syed Putra Kuala Lumpur Federal Territories Kuala Lumpur 59200 \nDaily: 10:00 am – 10:00 pm https://cbtl.order.place/store/5690901081882624/mode/takeaway\nOperating Hours\n \nDaily: 9.30 AM - 10.00 PM"
    },
    {
        "id": 298,
        "name": "Mid Valley Megamall ",
        "lat": "3.11740730",
        "lng": "101.67805450",
        "details": "Mid Valley Megamall \n \n Unit G047, Ground Floor Mid Valley Megamall Mid Valley City, Lingkaran Syed Putra Kuala Lumpur Federal Territories Kuala Lumpur 59200 \nOpening Hours\n \nSun - Thur: 7.30 AM - 11.00 PM\n \nFri - Sat: 7.30 PM - 12.00 AM\n \nOrder Ahead Here"
    },
    {
        "id": 301,
        "name": "NU Sentral",
        "lat": "3.13307120",
        "lng": "101.68703470",
        "details": "NU Sentral\n \n Lot No: LG 29 & LG 29AL, Level Lower Ground, Nu Sentral Shopping Centre, No. 201 Jalan Tun Sambanthan Kuala Lumpur Federal Territories Kuala Lumpur 50470 \nMon - Fri: 7:00 am – 10:00 pm Sat,Sun, & PH: 8.00 am - 10.00 pm https://cbtl.order.place/store/5105548528713728/mode/takeaway\nOpening Hours\n \nMon - Fri: 7.00 AM – 10.00 PM\nSat, Sun & PH: 8.00 AM – 10.00 PM"
    },
    {
        "id": 304,
        "name": "1 Utama ",
        "lat": "3.14897180",
        "lng": "101.61612330",
        "details": "1 Utama \n \n Lot G323c, Ground Floor Highstreet 1 Utama Shopping Centre Bandar Utama Damansara Petaling Jaya Selangor 47800 \nSun - Thu: 9.30 am – 10.00 pm Fri & Sat: 9.30 am - 10.30pm https://cbtl.order.place/store/5726970385006592/mode/takeaway\nOpening Hours\n \nSun - Thu: 9.30 AM – 10.00 PM\nFri & Sat: 9.30 AM - 10.30 PM"
    },
    {
        "id": 307,
        "name": "Prai Auto-City",
        "lat": "5.33713750",
        "lng": "100.42829710",
        "details": "Prai Auto-City\n \n No.1681-G3, Jalan Perusahaan, Highway Autocity, North-South Highway Juru Interchange Prai Penang 13600 \nSun - Thu: 7:00 am – 10:30 pm Fri,Sat, & Eve of PH: 7.00 am - 11.30 pm https://cbtl.order.place/store/6171775619563520/mode/takeaway\nOpening Hours\n \nDaily: 8.00 AM - 10.00 PM\n \nOrder Ahead Here"
    },
    {
        "id": 310,
        "name": "Pavilion KL",
        "lat": "3.14886430",
        "lng": "101.71349090",
        "details": "Pavilion KL\n \n Lot C3.01.00, Level 3 Pavilion Kuala Lumpur, 168 Jalan Bukit Bintang Kuala Lumpur Federal Territories Kuala Lumpur 55100 \nSun - Thur: 7.00 am – 11.00 pm Fri: 7.00 am – 12.00 am Sat & PH: 7.00am - 12.00 am https://cbtl.order.place/store/6717769142763520/mode/takeaway\nOpening Hours\nSun - Thur: 7.00 AM – 11.00 PM\nFri: 7.00 AM – 12.00 AM\nSat & PH: 7.00 AM - 12.00 AM"
    },
    {
        "id": 316,
        "name": "Pavilion Bukit Jalil",
        "lat": "3.05024740",
        "lng": "101.67099900",
        "details": "Pavilion Bukit Jalil\n \n Lot 2.44.00 Level 2, Pavilion Bukit Jalil , No.2, Persiaran Jalil 8 Bukit Jalil Federal Territories Kuala Lumpur 57000 \nDaily: 10:00 am – 10:00 pm https://cbtl.order.place/store/5736784720822272/mode/takeaway\nOpening Hours\nDaily: 10.00 AM - 10.00 PM"
    },
    {
        "id": 319,
        "name": "Prince Court Hospital",
        "lat": "3.14867130",
        "lng": "101.72193610",
        "details": "Prince Court Hospital\n \n Prince Court Medical Centre 39 Jalan Kia Peng Kuala Lumpur Federal Territories Kuala Lumpur 50450 \nOpening Hours Daily: 7:00 am – 9:30 pm https://cbtl.order.place/store/2318600160/mode/takeaway\nOpening Hours\n \nDaily: 7.00 AM - 9.30 PM"
    },
    {
        "id": 322,
        "name": "Paradigm Mall",
        "lat": "3.10508370",
        "lng": "101.59604810",
        "details": "Paradigm Mall\n \n Lot CF-11, Concourse Floor, Paradigm Mall No. 1 Jalan SS 7/26a, Kelana Jaya Petaling Jaya Selangor 47301 \nDaily: 7:00 am – 10:30 pm https://cbtl.order.place/store/6260572155805696/mode/dinein \nOpening Hours\n \nDaily: 7.30 AM - 10.00 PM"
    },
    {
        "id": 325,
        "name": "Penang Design Village",
        "lat": "5.24308260",
        "lng": "100.43661340",
        "details": "Penang Design Village\n \n Lot G-160, Design Village Outlet Mall, 733, Jalan Cassia Barat 2 Bandar Cassia Penang 14110 \nDaily: 11:00 am – 10:00 pm https://cbtl.order.place/store/6072340919091200/mode/takeaway\nOpenign Hours\nDaily: 11.00 AM - 10.00 PM"
    },
    {
        "id": 328,
        "name": "Plaza Pelangi",
        "lat": "1.47997140",
        "lng": "103.76526640",
        "details": "Plaza Pelangi\n \n Lot 1.17 & 1.18 Level 1, Plaza Pelangi Jalan Kuning, Taman Pelangi Johor Bahru Johor 80400 \nDaily: 8:30 am – 10:00 pm https://cbtl.order.place/store/6734725572984832/mode/takeaway\nOpening Hours\n \nDaily: 9.30 AM - 9.30 PM"
    },
    {
        "id": 331,
        "name": "Pantai Hospital Penang",
        "lat": "5.32104710",
        "lng": "100.28231260",
        "details": "Pantai Hospital Penang\n \n Ground Floor, Pantai Hospital Penang 82 Jalan Tengah, Bayan Baru Bayan Lepas Penang 11900 \nDaily: 7.00 am – 8.30 pm https://cbtl.order.place/store/5435171548430336/mode/takeaway\nOpening Hours\n \nDaily: 7.30 AM - 8.30 PM"
    },
    {
        "id": 334,
        "name": "The Promenade",
        "lat": "5.32471070",
        "lng": "100.28256980",
        "details": "The Promenade\n \n 5-G-13 & 13A ,The Promenade, 5 Persiaran Mahsuri Bandar Bayan Baru Penang 11950 \nSun - Thu: 7:00 am to 11:00 pm Fri,Sat, & Eve of PH: 7.00 am - 12.00 am https://cbtl.order.place/store/6114281945825280/mode/takeaway\nOpening Hours\n \nDaily: 7.00 AM - 11.00 PM"
    },
    {
        "id": 337,
        "name": "Puteri Specialist Hospital",
        "lat": "1.49059790",
        "lng": "103.74191510",
        "details": "Puteri Specialist Hospital\n \n Level 1, Annexe Block, KPJ Puteri Specialist Hospital, No. 33, Jalan Tun Abdul Razak (Susur 5) Johor Bahru Johor 80350 \nDaily: 7:00 am – 8:30 pm https://cbtl.order.place/store/5096998684852224/mode/takeaway\nOpening Hours\n \nDaily: 7.00 AM - 8.30 PM"
    },
    {
        "id": 340,
        "name": "Pinnacle Sri Petaling Mall",
        "lat": "3.06741590",
        "lng": "101.69335230",
        "details": "Pinnacle Sri Petaling Mall\n \n G-11 and G-11A, Ground Floor, Pinnacle Sri Petaling Mall, 1 Jalan Radin Anum 1 Kuala Lumpur Federal Territories Kuala Lumpur 57000 \nDaily: 8:00am - 11:00pm https://cbtl.order.place/store/6698947498737664/mode/takeaway\nOperating Hours\n \nDaily: 8.00 AM - 10.30 PM"
    },
    {
        "id": 343,
        "name": "Bandar Puteri Puchong",
        "lat": "3.02251450",
        "lng": "101.62456500",
        "details": "Bandar Puteri Puchong\n \n C-GF-01 & 02, Le Pavilion Apartment, Jalan Puteri 7/13 Bandar Puteri Puchong Puchong Selangor 47100 \nDaily: 7:00 am - 12:00 am (Drive-In Available) https://cbtl.order.place/store/6704327807729664/mode/takeaway\nOpening Hours\n \nDaily: 7.30 AM - 11.30 PM"
    },
    {
        "id": 346,
        "name": "Queensbay Mall",
        "lat": "5.33161690",
        "lng": "100.30747140",
        "details": "Queensbay Mall\n \n Unit No: GF89, Queensbay Mall, 100, Persiaran Bayan Indah, Bayan Lepas Penang 11900 \nDaily: 8:00 am – 11:00 pm https://cbtl.order.place/store/5948956205907968/mode/takeaway\nOperating Hours\n \nDaily: 7.30 AM - 11.00 PM"
    },
    {
        "id": 352,
        "name": "Gamuda Quayside Mall",
        "lat": "2.95663950",
        "lng": "101.55250310",
        "details": "Gamuda Quayside Mall\n \n Lot GF-0-1, Gamuda Quayside Mall, Telok Panglima Garang Kuala Langat Selangor 42500 \nDaily: 8.00 am – 10.00 pm https://cbtl.order.place/store/6540560268525568/mode/takeaway\nOpening Hours\n \nDaily: 9.30 AM - 10.00 PM"
    },
    {
        "id": 355,
        "name": "R&F Mall ",
        "lat": "1.45876330",
        "lng": "103.76949600",
        "details": "R&F Mall \n \n GF-111,112,113, Mercu 1 Jalan Tanjung Puteri 1 R&F Tanjung Puteri Johor Bahru Johor 80300 \nDaily: 9.00 am – 10.00 pm https://cbtl.order.place/store/5702518196666368/mode/takeaway\nOpening Hours\n \nDaily: 9.00 AM – 10.00 PM"
    },
    {
        "id": 358,
        "name": "Rasah Prima Seremban ",
        "lat": "2.68914810",
        "lng": "101.93420100",
        "details": "Rasah Prima Seremban \n \n No 53, Ground Floor, Jalan Rasah Prima 3, Pusat Komersial Rasah Prima Seremban Negeri Sembilan 70300 \nDaily: 7:30 am – 12:00 am https://cbtl.order.place/store/5165083352104960/mode/takeaway\nOpening Hours\n \nDaily: 7.30 AM - 11.30 PM"
    },
    {
        "id": 361,
        "name": "Subang Parade",
        "lat": "3.08277390",
        "lng": "101.58588160",
        "details": "Subang Parade\n \n G25C, Ground Floor, Subang Parade No.5, Jalan SS16/1, Subang Jaya Petaling Jaya Selangor 47500 \nDaily: 9.00 am – 10.00 pm https://cbtl.order.place/store/5697622202384384/mode/takeaway\nOpening Hours\n \nDaily: 9.00 AM - 10.00 PM"
    },
    {
        "id": 367,
        "name": "Shell Kepong Drive Thru",
        "lat": "3.21359500",
        "lng": "101.63459830",
        "details": "Shell Kepong Drive Thru\n \n Lot No. 67042 MRR2 (Arah Kepong), Off Jalan Kepong Kuala Lumpur Federal Territories Kuala Lumpur 52100 \nSun - Thu: 6.30 am – 1.00 am https://cbtl.order.place/store/5632722964840448/mode/takeaway\nOpening Hours\n \nDaily: 7.00 AM - 12.30 AM"
    },
    {
        "id": 370,
        "name": "The Mall, Mid Valley Southkey",
        "lat": "1.50095810",
        "lng": "103.77737780",
        "details": "The Mall, Mid Valley Southkey\n \n G-016, The Mall, Mid Valley Southkey, Persiaran Southkey 1, Southkey Johor Bahru Johor 80150 \nDaily: 10.00 am – 10.00 pm https://cbtl.order.place/store/5139568243245056/mode/takeaway\nOpening Hours\n \nDaily: 10.00 AM - 10.00 PM"
    },
    {
        "id": 373,
        "name": "Sunway Medical Centre",
        "lat": "3.06623280",
        "lng": "101.60954040",
        "details": "Sunway Medical Centre\n \n Ground Floor No. 5 Jalan Lagoon Selatan Bandar Sunway Selangor 47500 \nDaily: 7.00 am – 8.30 pm https://cbtl.order.place/store/6597032948006912/mode/takeaway\nOpening Hours\n \nDaily: 7.00 AM - 8.30 PM"
    },
    {
        "id": 376,
        "name": "Solaris",
        "lat": "3.17516910",
        "lng": "101.65950080",
        "details": "Solaris\n \n No. 1,  Jalan Solaris 3, Solaris Mont’ Kiara, Off Jalan Duta Kiara Kuala Lumpur 50480 \nDaily: 7.00 am – 11.30 pm https://cbtl.order.place/store/5127951128461312/mode/takeaway\nOpening Hours\n \nDaily: 7.00 AM - 11.30 PM"
    },
    {
        "id": 379,
        "name": "Skypark Terminal, Sultan Abdul Aziz Shah Airport ",
        "lat": "3.13307070",
        "lng": "101.55378370",
        "details": "Skypark Terminal, Sultan Abdul Aziz Shah Airport \n \n Lot G6 & G7 (near Departure entrance), Skypark Terminal, Sultan Abdul Aziz Shah Airport Subang Selangor 47200 \nDaily: 7.00 am – 10.00 pm https://cbtl.order.place/store/6676546583527424/mode/takeaway\nOpening Hours\n \nDaily: 7.00 AM - 11.00 PM"
    },
    {
        "id": 382,
        "name": "The Sphere Bangsar South",
        "lat": "3.11045420",
        "lng": "101.66573940",
        "details": "The Sphere Bangsar South\n \n Unit UG-6, Level Upper Ground, The Sphere No 1, Avenue 1, Bangsar South City, No 8, Jalan Kerinchi Kuala Lumpur Federal Territories Kuala Lumpur 59200 \nOpening Hours\nDaily: 6.30 AM - 11.00 PM\nDaily: 6:30 am – 11:00 pm https://cbtl.order.place/store/6045233551769600/mode/takeaway"
    },
    {
        "id": 385,
        "name": "Sunway Putra Mall",
        "lat": "3.16642560",
        "lng": "101.69241940",
        "details": "Sunway Putra Mall\n \n Unit No. 1-36, First Floor, Sunway Putra Mall No. 100, Jalan Putra Kuala Lumpur Federal Territories Kuala Lumpur 50350 \nDaily: 10:00 am – 10:00 pm https://cbtl.order.place/store/5430931509739520/mode/takeaway\nOpening Hours\n \nDaily: 10.00 AM - 10.00 PM"
    },
    {
        "id": 388,
        "name": "Sunway Pyramid ",
        "lat": "3.07208370",
        "lng": "101.60634550",
        "details": "Sunway Pyramid \n \n Lot G1 Rink, Ground Floor, Sunway Pyramid Shopping Mall No. 3 Jln PJS 11/15 Bandar Sunway Selangor 46150 \nDaily: 10:00 am – 10:00 pm https://cbtl.order.place/store/5711675066941440/mode/takeaway\nOpening Hours\n \nDaily: 9.30 AM - 10.00 PM"
    },
    {
        "id": 391,
        "name": "Seremban Gateway",
        "lat": "0.00000000",
        "lng": "0.00000000",
        "details": "Seremban Gateway\n \n No. 9-G, Gerbang Seremban Off Jalan Sungai Ujong Seremban Negeri Sembilan 70200 \nDaily: 7:00 am - 12:30 am https://cbtl.order.place/store/5660729070845952/mode/takeaway\nOpening Hours\n \nDaily: 7.00 AM - 12.00 AM"
    },
    {
        "id": 394,
        "name": "SS2",
        "lat": "3.12001500",
        "lng": "101.62194400",
        "details": "SS2\n \n No. 50G & 50M, Jalan SS2/67 Petaling Jaya Selangor 47300 \nDaily: 8:00 am – 11:30 pm https://cbtl.order.place/store/6511760845045760/mode/takeaway\nOpening Hours\n \nDaily: 8.30 AM - 11.30 PM"
    },
    {
        "id": 397,
        "name": "Setia Sentral Penang",
        "lat": "5.35562770",
        "lng": "100.41762680",
        "details": "Setia Sentral Penang\n \n No:3&5, Lorong Setia Sentral 1, Pusat Perniagaan Setia Sentral Bukit Mertajam Penang 14000 \nDaily: 7.00 am - 12.00 am (Drive-In Available) https://cbtl.order.place/store/2324002890/mode/takeaway\nOpening Hours\n \nDaily: 7.00 AM - 11.00 PM"
    },
    {
        "id": 400,
        "name": "Solaria Square",
        "lat": "5.30013890",
        "lng": "100.26619720",
        "details": "Solaria Square\n \n Lot G-1, Solaria Square, Medan Rajawali, Kampung Perlis Bayan Lepas Penang 11900 \nDaily: 7.30 am – 11.30 pm https://cbtl.order.place/store/5763977165406208/mode/takeaway\nOpening Hours\n \nDaily: 7.30 AM - 11.30 PM"
    },
    {
        "id": 403,
        "name": "Setapak Central Mall",
        "lat": "3.20457470",
        "lng": "101.72052970",
        "details": "Setapak Central Mall\n \n Unit G13, Ground Floor, Setapak Central No.67, Jalan Taman Ibu Kota Taman Danau Kota Setapak Federal Territories Kuala Lumpur 53300 \nDaily: 10:00 am – 10:00 pm https://cbtl.order.place/store/6744028572811264/mode/takeaway\nOpening Hours\n \nDaily: 10.00 AM - 10.00 PM"
    },
    {
        "id": 406,
        "name": "Setia Tropika Drive Thru",
        "lat": "1.54884480",
        "lng": "103.71691660",
        "details": "Setia Tropika Drive Thru\n \n Tropika Welcome Centre Lot GF-03A, No. 10 Jalan Setia Tropika 1/21, Taman Setia Tropika Johor Bahru Johor 81200 \nDaily: 7.00 am - 12:30 am https://cbtl.order.place/store/5160621636059136/mode/takeaway\nOpening Hours\n \nDaily: 7.30 AM - 1.00 AM"
    },
    {
        "id": 409,
        "name": "Sentul Point",
        "lat": "3.20252450",
        "lng": "101.68912460",
        "details": "Sentul Point\n \n AG-20, Ground Floor, Puncak Sentul, No:8, Jalan Sentul Perdana Sentul 51000 \nDaily: 7.00 am – 12:00 am (Drive-In Available) https://cbtl.order.place/store/6708090729136128/mode/takeaway\nOpening Hours\n \nDaily: 7.30 AM - 11.30 PM"
    },
    {
        "id": 412,
        "name": "Straits Quay",
        "lat": "5.45042200",
        "lng": "100.30727400",
        "details": "Straits Quay\n \n Unit No: 3H-G-3 Ground Floor Quay 1, Straits Quay Jalan Seri Tanjung Pinang, Tanjong Tokong Georgetown Penang 10470 \nSun - Thur: 7.00 am - 10.00 pm Fri,Sat & Eve of PH: 7.00 am - 11.00 pm https://cbtl.order.place/store/5760386941845504/mode/takeaway\nOpening Hours\n \nSun - Thur: 7.30 AM - 10.00 PM\n \nFri - Sat / Eve of PH: 7.30 AM - 11.00 PM"
    },
    {
        "id": 415,
        "name": "Summerton Penang",
        "lat": "5.34029030",
        "lng": "100.30961300",
        "details": "Summerton Penang\n \n 110-01-20 Summerton Persiaran Bayan Indah Bayan Lepas Penang 11900 \nDaily: 7:00 am – 11:00 pm https://cbtl.order.place/store/4814212390977536/mode/takeaway\nOpening Hours\n \nDaily: 7.00 AM - 10.30 PM"
    },
    {
        "id": 418,
        "name": "Sunway Velocity",
        "lat": "3.12679400",
        "lng": "101.72502200",
        "details": "Sunway Velocity\n \n G-73, G-74 & G-75 Sunway Velocity Mall, Lingkaran SV, Sunway Velocity Kuala Lumpur Federal Territories Kuala Lumpur 55100 \nDaily: 10:00 am – 10:00 pm https://cbtl.order.place/store/5337986605514752/mode/takeaway\nOpening Hours\n \nDaily: 10.00 AM - 10.00 PM"
    },
    {
        "id": 421,
        "name": "Tropicana Avenue",
        "lat": "3.12989250",
        "lng": "101.58419250",
        "details": "Tropicana Avenue\n \n P-G-03, Tropicana Avenue, Persiaran Tropicana Golf & Country Resort Petaling Jaya Selangor 47410 \nDaily: 7.30 am – 10.00 pm https://cbtl.order.place/store/5134672248963072/mode/takeaway\nOpening Hours\n \nDaily: 7.30 AM - 10.00 PM"
    },
    {
        "id": 424,
        "name": "3 Damansara",
        "lat": "3.13047490",
        "lng": "101.62694110",
        "details": "3 Damansara\n \n G-PPK 3, Ground Floor, 3 Damansara No. 3 Jalan SS 20/27 Petaling Jaya Selangor 47400 \nDaily: 10.00 am – 10.00 pm https://cbtl.order.place/store/6233994361307136/mode/takeaway\nOpening Hours\n \nDaily: 10.00 AM - 10.00 PM"
    },
    {
        "id": 427,
        "name": "Sinaran TTDI",
        "lat": "3.14091780",
        "lng": "101.62748780",
        "details": "Sinaran TTDI\n \n Unit No. 6-2-0 (Ground Floor) Sinaran TTDI, Jalan Tun Mohd Fuad 4 Taman Tun Dr Ismail Kuala Lumpur Federal Territories Kuala Lumpur 60000 \nDaily: 7:00 am to 12:30 am (Drive-In Available) https://cbtl.order.place/store/5642471953399808/mode/takeaway\nOpening Hours\n \nDaily: 7.00 AM - 11.30 PM"
    },
    {
        "id": 430,
        "name": "Tropicana Gardens Mall",
        "lat": "3.14878450",
        "lng": "101.59473740",
        "details": "Tropicana Gardens Mall\n \n Lot CC-51 & CC-51A, Concourse Floor No. 2A, Persiaran Surian, Tropicana Indah Petaling Jaya Selangor 47810 \nDaily: 7.30 am – 10.00 pm https://cbtl.order.place/store/5132134359498752/mode/takeaway\nOpening Hours\n \nDaily: 7.30 AM - 10.00 PM"
    },
    {
        "id": 433,
        "name": "Taipan USJ",
        "lat": "3.04857270",
        "lng": "101.58602460",
        "details": "Taipan USJ\n \n No.2G, Ground Floor USJ10/1E, Taipan Business Centre Subang Jaya Petaling Jaya Selangor 47620 \nDaily: 7:00 am – 12:00 am https://cbtl.order.place/store/6067418886569984/mode/takeaway\nOpening Hours\n \nDaily: 7.00 AM - 12.00 AM"
    },
    {
        "id": 439,
        "name": "Wisma Genting",
        "lat": "3.15060260",
        "lng": "101.71101050",
        "details": "Wisma Genting\n \n Ground Floor Wisma Genting Jalan Sultan Ismail Kuala Lumpur Federal Territories Kuala Lumpur 50250 \nMon – Fri: 7:00 am – 6:00 pm Sat, Sun & Public Holiday: Close https://cbtl.order.place/store/6649922920120320/mode/dinein \nOpening Hours\n \nMon – Fri: 7:00 AM – 6:00 PM\nSat, Sun & Public Holiday: Closed"
    },
    {
        "id": 442,
        "name": "Wetex Parade",
        "lat": "2.04420510",
        "lng": "102.56646750",
        "details": "Wetex Parade\n \n G01 & 02, Wetex Parade, No. 69 Jalan Ali Muar Johor 84000 \nDaily: 9:00 am – 10:00 pm https://cbtl.order.place/store/5668869308940288/mode/takeaway\nOpening Hours\n \nDaily: 9.30 AM - 10.00 PM"
    },
    {
        "id": 447,
        "name": "Caltex Sungai Dua",
        "lat": "0.00000000",
        "lng": "0.00000000",
        "details": "Caltex Sungai Dua\n \n Caltex Sg Dua North Bound, PMT 10359, KM 132.5, Lebuhraya Utara Selatan, Permatang Pauh Penang 13600 \nDaily: 7:00 am – 12:00 am (Drive-In Available) https://cbtl.order.place/store/2366052217/mode/takeaway\nOpening Hours\n \nDaily: 7.00 AM - 12.30 AM"
    },
    {
        "id": 450,
        "name": "KLIA Level 3",
        "lat": "2.74934000",
        "lng": "101.71307000",
        "details": "KLIA Level 3\n \n Lot No. MTB-3-L12, Level 3, Main Terminal Building KL International Airport, 64000 Sepang Selangor Darul Ehsan Sepang Selangor 64000 \nDaily: 24 Hours https://cbtl.order.place/store/2354441176/mode/takeaway \nOpening Hours\n \nDaily: 24 Hours"
    },
    {
        "id": 459,
        "name": "Gravitas Penang",
        "lat": "5.36950000",
        "lng": "100.41676000",
        "details": "Gravitas Penang\n \n Unit B2-G-29 & 30, Elevate 1, Lorong Pauh Jaya 1/3, Taman Pauh Jaya, Seberang Perai Tengah,Permatang Pauh Penang 13500 \nDaily: 7:00 am – 12:00 am \nOpening Hours\n \nDaily: 7.30 AM - 12.00 AM"
    },
    {
        "id": 462,
        "name": "UNO Bukit Raja",
        "lat": "3.09130000",
        "lng": "101.45254000",
        "details": "UNO Bukit Raja\n \n No. 1, Jalan Astaka, 1E/KU2, Bandar Bukit Raja Klang Selangor 41050 \nDaily: 7.30 am - 12.00 am\nOpening Hours\n \nDaily: 7.00 AM - 11.30 PM"
    },
    {
        "id": 469,
        "name": "H Elite Design Hotel",
        "lat": "6.07309240",
        "lng": "102.23796850",
        "details": "H Elite Design Hotel\n \n The Coffee Bean & Tea Leaf @ H Elite, Ground Floor , Lot AG-G-01 Alwaqf Garden Boulevard @ Tanjung, Jalan Kuala Krai, 16010 Kota Bharu Kelantan Darul Naim Kota Bahru Kelantan 16010 \nOpening Hours\n \nDaily: 9:30 AM – 10:30 PM\nOrder Ahead Here"
    },
    {
        "id": 472,
        "name": "Ecohill Semenyih",
        "lat": "2.92502408",
        "lng": "101.85689387",
        "details": "Ecohill Semenyih\n \n ECO HILL SEMENYIH (EHS) Lot L1-09, Level 1, Ecohill Mall, Jalan Ecohill 1/2, Setia Ecohill, 43500 Semenyih, Selangor Darul Ehsan. Semenyih Selangor 43500 \nOpening Hours\n \nDaily: 9:00 AM – 10:00 PM\n \nOrder Ahead Now"
    },
    {
        "id": 475,
        "name": "Caltex Edu City ",
        "lat": "1.45308648",
        "lng": "103.62064363",
        "details": "Caltex Edu City \n \n Caltex Educity PTD 199637, Jalan Kampung Lalang, Educity Iskandar Malaysia, Iskandar Puteri, Johor Johor Johor 79200 \nOpening Hours\nDaily: 7.00 AM – 12.00 AM"
    },
    {
        "id": 478,
        "name": "Jalan Dedap Johor",
        "lat": "1.54176550",
        "lng": "103.80325110",
        "details": "Jalan Dedap Johor\n \n Jalan Dedap Johor (JDJ), Ground Floor No. 63 & 65, Jalan Dedap 4, Taman Johor Jaya, 81100 Johor Bahru, Johor Johor Bahru Johor 81100 \nOpening Hours Daily: 7:00 am – 11:30 pm \nOpening Hours\nDaily: 8.00 AM - 10.30 PM"
    },
    {
        "id": 481,
        "name": "Sunway Carnival Penang",
        "lat": "5.40259887",
        "lng": "100.39932633",
        "details": "Sunway Carnival Penang\n \n LG-53A, Sunway Carnival Mall, 3068, Jalan Todak Pusat Bandar Seberang Jaya, Seberang Jaya, 13700 Perai, Penang Perai Penang 13700 \nOpening Hours\n \nDaily: 10:00 AM – 10:00 PM"
    },
    {
        "id": 484,
        "name": "Pantai Hospital Ipoh",
        "lat": "4.64331868",
        "lng": "101.11240529",
        "details": "Pantai Hospital Ipoh\n \n 126, Jalan Tambun, Taman Ipoh, 31400 Ipoh, Perak Tambun Perak 31400 \nOpening Hours\n \nMon - Sat: 7.00 AM – 9:30 PM\nSun & Public Holiday: 8.00 AM - 8.30 PM"
    },
    {
        "id": 487,
        "name": "East Coast Mall 2",
        "lat": "3.91702437",
        "lng": "103.32330174",
        "details": "East Coast Mall 2\n \n Lot GF-19 & 19-AL, Ground Floor, Kuantan City Mall, 1, Jalan Putra Square 6, Putra Square, 25300 Kuantan, Pahang Kuantan Pahang 25300 \nOperating Hours\n \nDaily: 10.00 AM – 10.00 PM"
    },
    {
        "id": 490,
        "name": "IOI City Mall 2",
        "lat": "2.97401304",
        "lng": "101.71712065",
        "details": "IOI City Mall 2\n \n Lot LG-234, Lower Ground Floor, IOI City Mall, Lbh IRC, Ioi Resort, 62502 Putrajaya, Selangor Putrajaya Selangor 62502 \nOpening Hours\n \nDaily: 10:00 am – 10:00 pm"
    },
    {
        "id": 493,
        "name": "Cheras Traders Square",
        "lat": "3.04347451",
        "lng": "101.76573007",
        "details": "Cheras Traders Square\n \n Jln. Dataran Cheras 6, Dataran Perniagaan Cheras, 43200 Balakong, Selangor Cheras Federal Territories Kuala Lumpur 43200 \nOpening Hours\n \nDaily: 7.00 AM – 11.00 PM"
    },
    {
        "id": 496,
        "name": "Troika Avenue Kota Bahru",
        "lat": "6.12819275",
        "lng": "102.24002777",
        "details": "Troika Avenue Kota Bahru\n \n Bandar Kota Bharu, 15050 Kota Bharu, Kelantan Kota Bahru Kelantan 15050 \nOpening Hours\n \nDaily: 8:00 AM – 12:00 AM"
    },
    {
        "id": 499,
        "name": "Iconic Point Penang",
        "lat": "5.36563202",
        "lng": "100.49341906",
        "details": "Iconic Point Penang\n \n 2, Jalan Iconic Point, 14100 Simpang Ampat, Pulau Pinang Simpang Ampat Penang 14100 \nDaily: 7:00 am – 12:00 am \nOpening Hours\n \nDaily: 8.00 AM - 11.00 PM"
    },
    {
        "id": 502,
        "name": "KLIA 2 Gateway",
        "lat": "2.76062497",
        "lng": "101.68928720",
        "details": "KLIA 2 Gateway\n \n L2M-22, Gateaway@klia2, Terminal KLIA2, KL International Airport. Jalan KLIA 2/1 64000 KLIA Sepang, Selangor Darul Ehsan. Sepang 64000 \nDaily : 7:00 AM – 10:00 PM https://cbtl.order.place/store/251305922637824/mode/takeaway\nOpening Hours\n \nDaily: 6.00 AM - 12.00 AM"
    },
    {
        "id": 505,
        "name": "Central I-City",
        "lat": "3.06261176",
        "lng": "101.48176762",
        "details": "Central I-City\n \n Lot LG-43, Lower Ground Floor, Central I-City, No. 1, Persiaran Multimedia, I-City, Seksyen 7, Shah Alam Selangor 40000 \nOpening Hours\n \nDaily: 10.00 am - 10.00 pm"
    },
    {
        "id": 508,
        "name": "Zeva Boulevard",
        "lat": "2.99231006",
        "lng": "101.67622968",
        "details": "Zeva Boulevard\n \n Zeva Boulevard, Lot ZV-09-G, Persiaran Pinggiran Putra,Taman Pinggiran Putra, Taman Equine Seri Kembangan Selangor 43300 \nOpening Hours\n \nDaily: 7.00 AM - 11.30 PM"
    },
    {
        "id": 511,
        "name": "Temu City Elmina East ",
        "lat": "3.18572111",
        "lng": "101.52530264",
        "details": "Temu City Elmina East \n \n No. 57, Jalan Eserina Y U16/Y, Elmina East Shah Alam Selangor 40160 \nOpening Hours\n \nDaily: 7.00 am - 12.00 am"
    },
    {
        "id": 514,
        "name": "Icon Residence Terengganu",
        "lat": "5.32198506",
        "lng": "103.14200760",
        "details": "Icon Residence Terengganu\n \n No. K2 & K3-01, Icon Residence, Jalan Sultan Omar, 20300 Kuala Terengganu, Terengganu Darul Iman Kuala Terengganu Terengganu 20300 \nOpening Hours\n \nDaily: 7.30 AM - 11.30 AM"
    },
    {
        "id": 517,
        "name": "D’Garden Batu Pahat ",
        "lat": "1.86684502",
        "lng": "102.93275566",
        "details": "D’Garden Batu Pahat \n \n No 1 Ground Floor, Jalan Desa Botani 1, Taman Desa Botani 83000 Batu Pahat, Johor Darul Takzim. Batu Pahat Johor 83000 \nOpening Hours\n \nDaily : 9.00 AM - 11:00 PM"
    },
    {
        "id": 520,
        "name": "Bandar Sri Permaisuri ",
        "lat": "3.10226235",
        "lng": "101.71170212",
        "details": "Bandar Sri Permaisuri \n \n R-G-03, Kompleks Permaisuri Q, Jalan Sri Permaisuri, Bandar Sri Permaisuri, 56000 Cheras, Wilayah Persekutuan Kuala Lumpur. Cheras Federal Territories Kuala Lumpur 56000 \nOpening Hours\n \nDaily: 8.30 AM - 10.30 PM"
    },
    {
        "id": 523,
        "name": "Ikano Batu Kawan Drive Thru",
        "lat": "5.23427650",
        "lng": "100.43982236",
        "details": "Ikano Batu Kawan Drive Thru\n \n 3B-3 HS (D) 47588, PT 5910, Mukim 13, Seberang Perai Selatan, Penang Seberang Perai Penang 47588 \nOpening Hours\n \nDaily: 9.00 AM - 10.00 PM"
    },
    {
        "id": 529,
        "name": "Gleneagles Medini Hospital",
        "lat": "1.42616359",
        "lng": "103.63688248",
        "details": "Gleneagles Medini Hospital\n \n Ground Floor, Gleneagles Hospital Medini, No. 2, Jalan Medini Utara 4, 79250 Nusajaya, Johor. Nusajaya Johor 79250 \nOpening Hours\n \nDaily : 7:00 AM to 8:30 PM"
    },
    {
        "id": 532,
        "name": "Fortune Centra Kepong",
        "lat": "3.22149721",
        "lng": "101.64403591",
        "details": "Fortune Centra Kepong\n \n No G-17, Ground floor, Fortune Centra 2, Jalan Metro Perdana 6, Taman Usahawan Kepong, 52100 Kuala Lumpur, Wilayah Persekutuan Kuala Lumpur Kepong Federal Territories Kuala Lumpur 52100 \nOpening Hours\n \nDaily: 7.00 AM - 11.00 PM"
    },
    {
        "id": 535,
        "name": "Setia City Mall",
        "lat": "3.10974704",
        "lng": "101.46021780",
        "details": "Setia City Mall\n \n Unit No. LG-133, Lower Ground Floor, Setia City Mall, No. 7, Persiaran Setia Dagang, Bandar Setia Alam, Seksyen U13, 40170 Shah Alam, Selangor. Shah Alam Selangor 40170 \nOpening Hours\n \nDaily : 10.00 AM to 10.00 PM"
    },
    {
        "id": 543,
        "name": "Kangar Jaya",
        "lat": "6.40761514",
        "lng": "100.18106380",
        "details": "Kangar Jaya\n \n No.2, Jalan Kangar Jaya 3, Kangar Jaya, Jalan Tuanku Syed Putra, Kangar Perlis 01000 \nOpening Hours\n \nDaily: 7:30 AM - 12:00 AM"
    },
    {
        "id": 545,
        "name": "Kota Warisan Sepang",
        "lat": "2.83408140",
        "lng": "101.69710344",
        "details": "Kota Warisan Sepang\n \n No. 93, Jalan Warisan Sentral 1, KIP Sentral Kota Warisan, 43900, Sepang, Selangor Sepang Selangor 43900 \nOperating Hours\n \nDaily: 7.00 AM - 11.30 PM"
    },
    {
        "id": 548,
        "name": "Sierra Fresco Puchong Drive Thru ",
        "lat": "2.97406485",
        "lng": "101.65437453",
        "details": "Sierra Fresco Puchong Drive Thru \n \n DT1, Ground Floor, Sierra Fresco, Jln Sierra 10/1, Bandar 16 Sierra, 47110 Puchong, Selangor Puchong Selangor 47110 \nOpening Hours\nDaily: 7.00 AM - 12.00 AM"
    },
    {
        "id": 554,
        "name": "Novo Jalan Ampang",
        "lat": "3.16070171",
        "lng": "101.73971507",
        "details": "Novo Jalan Ampang\n \n NOVO Ampang, 317, Jalan Ampang, Desa Pahlawan, 55000 Kuala Lumpur, Federal Territory of Kuala Lumpur Kuala Lumpur 55000 \nOpening Hours\n \nDaily: 7.30 AM - 11.00 PM\n \nOrder Ahead Here"
    },
    {
        "id": 557,
        "name": "One Shamelin Mall",
        "lat": "3.12327515",
        "lng": "101.74006840",
        "details": "One Shamelin Mall\n \n A-G-072 ,Level G, 1 Shamelin Mall, 100, Jalan 4/91, Taman Shamelin Perkasa, 56100, Kuala Lumpur. Kuala Lumpur Federal Territories Kuala Lumpur 56100 \nOpening Hours\n \nDaily: 8.30 AM - 9.30 PM"
    },
    {
        "id": 560,
        "name": "Raja Uda Butterworth",
        "lat": "5.53061710",
        "lng": "100.39131417",
        "details": "Raja Uda Butterworth\n \n No. 29, Jalan Raja Uda, Pusat Perniagaan Raja Uda, 12300 Butterworth, Pulau Pinang Butterworth Penang 12300 \nOpening Hours\n \nDaily: 8.00 AM - 10.30 PM"
    },
    {
        "id": 563,
        "name": "Bora Bora Batu Ferringhi",
        "lat": "5.47430704",
        "lng": "100.24830359",
        "details": "Bora Bora Batu Ferringhi\n \n Lot 72C-G-1, Jalan Batu Ferringhi, 11100 Penang. Batu Ferringhi Penang 11100 \nOpening Hours\n \nDaily: 7.30 AM - 12.30 AM"
    },
    {
        "id": 566,
        "name": "Pearl Point Mall",
        "lat": "3.08811599",
        "lng": "101.67327956",
        "details": "Pearl Point Mall\n \n Pearl Mall (PRL) G.51, G.52 & G.53, Ground Floor, Pearl Point Shopping Mall, Batu 5, Jalan Klang Lama, 58000 Kuala Lumpur Kuala Lumpur Federal Territories Kuala Lumpur 58000 \nOpening Hours\n \nDaily: 10.00 am - 10.00 pm"
    },
    {
        "id": 569,
        "name": "Prima Sri Gombak",
        "lat": "3.24610297",
        "lng": "101.69979094",
        "details": "Prima Sri Gombak\n \n PRIMA SRI GOMBAK (PGS) No. 30G, Jalan Prima SG2, Prima Sri Gombak, 68100 Batu Caves, Selangor. Batu Caves Selangor 68100 \nOpening Hours\n \nDaily: 7.00 AM - 12.00 AM"
    },
    {
        "id": 572,
        "name": "AEON Alpha Angle",
        "lat": "3.20233404",
        "lng": "101.73413801",
        "details": "AEON Alpha Angle\n \n AEON Wangsa Maju Alpha Angle Jalan R1, Seksyen 1, Bandar Baru, Wangsa Maju, 53300 Kuala Lumpur Kuala Lumpur Federal Territories Kuala Lumpur 53300 \nOpening Hours\n \nSun - Thu: 9.00 AM – 10.00 PM\nFri, Sat & PH: 9:00 am – 11:00pm"
    },
    {
        "id": 575,
        "name": "Eco Grandeur Drive Thru",
        "lat": "3.23008180",
        "lng": "101.45568886",
        "details": "Eco Grandeur Drive Thru\n \n Jalan Eco Grandeur 1/5, Eco Grandeur 42300 Bandar Puncak Alam, Selangor Darul Ehsan. Puncak Alam Selangor 42300 \nOpening Hours\n \nDaily: 7.00 AM - 12.00 AM"
    },
    {
        "id": 578,
        "name": "KCC City Business Park Muar",
        "lat": "2.04846204",
        "lng": "102.60083022",
        "details": "KCC City Business Park Muar\n \n KCCC City Business Park @ Jalan Bakri, PTD 17692 (Marketing No.10&11), Ground Floor, 84000 Muar, Johor Darul Takzim Muar Johor 84000 \nOpening Hours\nDaily: 7.30 AM - 12.00 AM\n \nOrder Ahead Here"
    },
    {
        "id": 581,
        "name": "Canary Garden KSL Esplanade Mall",
        "lat": "2.95857673",
        "lng": "101.46703417",
        "details": "Canary Garden KSL Esplanade Mall\n \n Canary Garden KSL Esplanade Mall (CGK) Lot No G001 & G001 (E), Ground Floor, KSL Esplanade Mall. No 1 Persiaran Bestari 2/KS09, Bandar Bestari 41200 Klang Bandar Diraja, Selangor. Klang Selangor 41200 \nOpening Hours\n \nDaily: 10.00 am - 10.00 pm"
    },
    {
        "id": 584,
        "name": "Alam Impian Shah Alam",
        "lat": "3.02760632",
        "lng": "101.51550490",
        "details": "Alam Impian Shah Alam\n \n Alam Impian (AIS) GF, No. 9, Jalan Panglima Hitam, M35/M Alam Impian 40470 Shah Alam, Selangor. Shah Alam Selangor 40470 \nOpening Hours\n \nDaily: 7.30 AM - 11.30 PM"
    },
    {
        "id": 587,
        "name": "KPJ Johor Hospital",
        "lat": "1.47584993",
        "lng": "103.74042203",
        "details": "KPJ Johor Hospital\n \n KPJ Johor Hospital (KJH) Ground Floor, KPJ Johor No. 39-B, Jalan Abdul Samad, 80100 Johor Bahru, Johor Johor Bahru Johor 80100 \nOpening Hours\n \nDaily: 7.00 AM - 8.30 PM"
    },
    {
        "id": 590,
        "name": "U Hotel Penang",
        "lat": "5.44567087",
        "lng": "100.26987207",
        "details": "U Hotel Penang\n \n No. 676-G-1 U HOTEL, Jalan Sungai Dua, 11700 Gelugor, Pulau Pinang Gelugor Penang 11700 \nOpening Hours\n \nDaily: 7.00 AM - 11.30 PM"
    },
    {
        "id": 593,
        "name": "Southkey Mall 2",
        "lat": "1.50150540",
        "lng": "103.77739724",
        "details": "Southkey Mall 2\n \n Southkey Mall 2 (SM2) Lot T-041, Level 3, The Mall, Mid Valley Southkey Persiaran Southkey 1 Southkey, 80150 Johor Bahru Johor Darul Takzim Johor Bahru Johor 80150 \nOpening Hours\n \nDaily: 10.00 am - 10.00 pm"
    },
    {
        "id": 596,
        "name": "Limbongan Melaka Drive Thru ",
        "lat": "2.20264281",
        "lng": "102.22412473",
        "details": "Limbongan Melaka Drive Thru \n \n Limbongan Melaka Drive Thru (LMD) 188-5, Jalan Persisiran Pantai, Limbongan 75250, Melaka Limbongan Malacca 75250 \nOpening Hours\n \nDaily: 8.00 AM - 1.00 AM"
    },
    {
        "id": 599,
        "name": "Indera Mahkota Drive Thru",
        "lat": "0.00000000",
        "lng": "0.00000000",
        "details": "Indera Mahkota Drive Thru\n \n G08 , Ground Floor , Lotus Indera Mahkota , Off Jalan Tun Razak , Mukim Kuala Kuantan , 25200 Kuantan Kuantan 25200 \nOpening Hours\n \nDaily: 8.00 am - 10.00 pm"
    },
    {
        "id": 605,
        "name": "Caltex Jalan Tun Razak",
        "lat": "3.15753275",
        "lng": "101.72045386",
        "details": "Caltex Jalan Tun Razak\n \n Caltex Tun Razak 203, Jln Tun Razak, Kuala Lumpur, 50400 Kuala Lumpur, Wilayah Persekutuan Kuala Lumpur Kuala Lumpur Federal Territories Kuala Lumpur 50400 \nOpening Hours\n \nDaily: 7.00 AM - 10.30 PM"
    },
    {
        "id": 608,
        "name": "Taiping Mall",
        "lat": "4.84996602",
        "lng": "100.74246738",
        "details": "Taiping Mall\n \n Lot G-03A, Ground Floor, Taiping Mall, Jalan Tupai 3A, Taiping Mall, 33 Level 3A, 34000 Taiping ,Perak. Taiping Perak 34000 \nOpening Hours\n \nDaily: 8.30 AM – 11.00 PM"
    },
    {
        "id": 611,
        "name": "Melawati Mall",
        "lat": "3.21063088",
        "lng": "101.74861977",
        "details": "Melawati Mall\n \n Melawati Mall Jalan Bandar 12, Taman Melawati, 53100 Kuala Lumpur, Selangor Kuala Lumpur Selangor 53100 \nOpening Hours\n \nDaily: 10.00 AM - 10.00 PM"
    },
    {
        "id": 614,
        "name": "Kuala Terengganu City Centre",
        "lat": "5.33444769",
        "lng": "103.14948839",
        "details": "Kuala Terengganu City Centre\n \n Lot G-18, Ground Floor, KTCC Mall Lot PT4191 Muara Selatan,20000 Kuala Terengganu,Terengganu Kuala Terengganu Terengganu 20000 \nOpening Hours\n \nDaily: 10.00 AM - 10.00 PM"
    },
    {
        "id": 617,
        "name": "Botani Village Ipoh",
        "lat": "4.52420312",
        "lng": "101.10276789",
        "details": "Botani Village Ipoh\n \n F-2, Medan Botani (Pusat Komersial Botani Village) Medan Botani 1A, Bandar Seri Botani, 31350 Ipoh, Perak Ipoh Perak 31350 \nOpening Hours\n \nDaily: 8.00 AM - 10.30 PM"
    },
    {
        "id": 623,
        "name": "KPJ Hospital Penang",
        "lat": "5.36939450",
        "lng": "100.43420283",
        "details": "KPJ Hospital Penang\n \n North Wing, KPJ Penang Specialist Hospital 14000 Bukit Mertajam, Pulau Pinang Bukit Mertajam Penang 14000 \nOpening Hours\n \nDaily: 7.30 AM - 8.30 PM"
    },
    {
        "id": 626,
        "name": "Canning 2 Ipoh",
        "lat": "4.59821994",
        "lng": "101.10566096",
        "details": "Canning 2 Ipoh\n \n Canning II Ipoh (C2I) Unit No.39, Canning II Business Centre, Ipoh, Perak Ipoh Perak 31400 \nOpening Hours\n \nDaily: 8.00 AM - 11.00 PM"
    },
    {
        "id": 629,
        "name": "Rivercity Jalan Ipoh",
        "lat": "3.17940878",
        "lng": "101.68269793",
        "details": "Rivercity Jalan Ipoh\n \n Lot No. 468-1(1),Blok F, Rivercity, Jalan Sultan Azlan Shah, 51200 Kuala Lumpur Kuala Lumpur Federal Territories Kuala Lumpur 51200 \nOpening Hours\n \nDaily: 7.30 AM - 11.00 PM"
    },
    {
        "id": 631,
        "name": "Seremban 2 Heights",
        "lat": "2.70998426",
        "lng": "101.88833481",
        "details": "Seremban 2 Heights\n \n No: 1-G, Pusat Komersial Saujana 1, Pusat Komersial Saujana, Seremban 2 Heights, 70300, Seremban, Negeri Sembilan Seremban Negeri Sembilan 70300 \nOpening Hours\nSun - Thu: 7.30 AM - 11.00 PM\n \nFri, Sat & Public Holiday: 7.30 AM - 11.30 PM"
    },
    {
        "id": 637,
        "name": "Tree Square Mall",
        "lat": "5.46312787",
        "lng": "100.28833148",
        "details": "Tree Square Mall\n \n 88-G-01 & 02, Jalan Sungai Kelian, 11200 Tanjong Bungah, Pulau Pinang. Pulau Pinang Penang 11200 \nOpening Hours\n \nDaily: 7.00 AM - 12.00 AM"
    },
    {
        "id": 640,
        "name": "Genting Premium Outlet Kiosk",
        "lat": "3.43065729",
        "lng": "101.79456988",
        "details": "Genting Premium Outlet Kiosk\n \n Genting Premium Outlet Kiosk (GP2) Suite No. 132, Genting Highlands Premium Outlets®KM13, 69000 Genting Highlands Resorts, Pahang Darul Makmur Pahang Pahang 69000 \nOperating Hours\n \nDaily: 10.00 AM - 10.00 PM"
    },
    {
        "id": 646,
        "name": "Taiping Central Mall",
        "lat": "4.86603401",
        "lng": "100.73135486",
        "details": "Taiping Central Mall\n \n Taiping Sentral Mall (TMP) G-16, Ground Floor, Taiping Sentral Mall, No. 36, Jalan Istana Larut, 34000 Taiping, Perak Taiping Perak 34000 \nOpening Hours\n \nDaily: 10.00 AM - 10.00 PM"
    },
    {
        "id": 652,
        "name": "Caltex Pendang",
        "lat": "5.97842515",
        "lng": "100.45059313",
        "details": "Caltex Pendang\n \n Caltex Pendang (CPS) Restaurant 2, PT9782 (Lot Lama 7703), Mukim Ayer Putih, 06700 Pendang, Kedah. Kedah Kedah 06700 \nOpening Hours\n \nDaily: 8.00 AM - 11.00 PM"
    },
    {
        "id": 655,
        "name": "KIP Mall Desa Coalfields",
        "lat": "3.23627523",
        "lng": "101.48934155",
        "details": "KIP Mall Desa Coalfields\n \n UG-01 KIP Mall Desa Coalfields Jalan DC 4/5, Desa Coalfields, 47000 Sungai Buloh, Selangor Sungai Buloh Selangor 47000 \nOpening Hours\n \nDaily: 9.00 AM - 10.00 PM"
    },
    {
        "id": 658,
        "name": "Pandan Indah Shoplot",
        "lat": "3.13113769",
        "lng": "101.75481923",
        "details": "Pandan Indah Shoplot\n \n 25, Jalan Pandan Indah 4/6a, Pandan Indah, 55100 Kuala Lumpur Kuala Lumpur Selangor 55100 \nOpening Hours\n \nDaily: 7.00 AM - 11.00 PM"
    },
    {
        "id": 661,
        "name": "Paradigm Mall Kiosk Lot",
        "lat": "1.51663996",
        "lng": "103.68544329",
        "details": "Paradigm Mall Kiosk Lot\n \n THE COFFEE BEAN AND TEA LEAF PARADIGM MALL KIOSK – (PM1) GF-37A, Ground Floor, Paradigm Mall, Skudai LBH, Taman Bukit Mewah, 81200, Johor Bahru, Johor Johor Bahru Johor 81200 \nOpening Hours\n \nDaily: 10.00 AM - 10.00 PM"
    },
    {
        "id": 664,
        "name": "Paradigm Mall Retail Lot",
        "lat": "1.51651126",
        "lng": "103.68604411",
        "details": "Paradigm Mall Retail Lot\n \n THE COFFEE BEAN AND TEA LEAF PARADIGM MALL RETAIL LOT – (PM2) 4F-43A, Fourth Floor, Paradigm Mall, Skudai LBH,Taman Bukit Mewah,81200 Johor Bahru,Johor. Johor Bahru Johor 81200 \nOpening Hours\n \nDaily: 10.00 AM - 10.00 PM"
    },
    {
        "id": 673,
        "name": "Caltex Presint 8",
        "lat": "2.92879839",
        "lng": "101.67953637",
        "details": "Caltex Presint 8\n \n Lot 333, Jalan Persint 8, 62000 Wilayah Persekutuan Putrajaya Putrajaya Federal Territories Putrajaya 62000 \nOpening Hours\n \nDaily: 7.00AM - 10.30PM"
    },
    {
        "id": 676,
        "name": "Aeon Taman Maluri",
        "lat": "3.12621990",
        "lng": "101.72839880",
        "details": "Aeon Taman Maluri\n \n F31, Aeon Taman Maluri Shopping Centre, Jalan Jejaka, Taman Maluri, Cheras, 55100, Kuala Lumpur. Kuala Lumpur Federal Territories Kuala Lumpur 55100 \nOpening Hours\n \nDaily: 10.00AM - 10.00PM"
    },
    {
        "id": 679,
        "name": "Lotus's Tanjung Pinang",
        "lat": "5.45902512",
        "lng": "100.30875406",
        "details": "Lotus's Tanjung Pinang\n \n Lot G20 & G21, Lotus’s Tanjung Pinang, No. 1, Jalan Seri Tanjung Pinang, Tanjong Tokong, 10470 Pulau Pinang Pulau Pinang Penang 10470 \nOpening Hours\n \nDaily: 10.00 AM - 10.00 PM"
    },
    {
        "id": 685,
        "name": "Malim Jaya Melaka",
        "lat": "2.23960594",
        "lng": "102.23418708",
        "details": "Malim Jaya Melaka\n \n Lot 983, Jalan Berkat 2,Taman Malim Jaya, 75250 Melaka. Melaka Malacca 75250 \nOperating Hours\n \nDaily: 8.00 AM - 12.00 AM"
    },
    {
        "id": 688,
        "name": "Radia Commercial Centre",
        "lat": "3.11242213",
        "lng": "101.53434778",
        "details": "Radia Commercial Centre\n \n No G27, Komersial Radia Persiaran Arked, Bukit Jelutong, Seksyen U18 40150 Shah Alam Shah Alam Selangor 40150 \nOpening Hours\n \nDaily: 7.00 AM - 11.30 PM"
    },
    {
        "id": 691,
        "name": "Aeon Kinta City",
        "lat": "4.61913431",
        "lng": "101.11871510",
        "details": "Aeon Kinta City\n \n G33, AEON Mall Kinta City 2, Jalan Teh Lean Swee, Taman Ipoh Selatan, 31400 Ipoh, Perak. Ipoh Perak 31400 \nOpening Hours\n \nSun – Thu: 9.00 AM – 10.00 PM\n \nFri – Sat: 9.00 AM – 10.30 PM"
    },
    {
        "id": 694,
        "name": "Nadi Precint 15",
        "lat": "2.94522297",
        "lng": "101.72177986",
        "details": "Nadi Precint 15\n \n 16, Jalan Diplomatik, Presint 15, 62050 Putrajaya Putrajaya Federal Territories Putrajaya 62050 \nOpening Hours\n \nDaily: 7.00 AM - 11.00 PM"
    },
    {
        "id": 700,
        "name": "Caltex Kulai DT",
        "lat": "1.64797578",
        "lng": "103.62540927",
        "details": "Caltex Kulai DT\n \n Lot 50737, Lebuhraya Putra Utama, Bandar Putra, 81000 Kulai Johor Kulai Johor 81000 \nOpening Hours\n \nDaily: 7.30 AM - 12.00 AM"
    },
    {
        "id": 703,
        "name": "Savanna Boulevard Southville",
        "lat": "2.90358885",
        "lng": "101.76457690",
        "details": "Savanna Boulevard Southville\n \n Lot E4-G-14, Savanna Boulevard Retail Shop, Southville City, Bandar Baru Lembah Selatan, 43000 Selangor Selangor Selangor 43000 \nOpening Hours\n \nDaily: 7.30 PM - 11.00 PM"
    },
    {
        "id": 706,
        "name": "MKH Boulevard",
        "lat": "2.99806590",
        "lng": "101.79095718",
        "details": "MKH Boulevard\n \n G18, MKH Boulevard, Jalan Bukit, 43000 Kajang, Selangor Kajang Selangor 43000 \nOpening Hours\n \nDaily: 7.30 AM - 11.30 PM"
    },
    {
        "id": 709,
        "name": "Amanjaya DT",
        "lat": "5.76692381",
        "lng": "100.51393103",
        "details": "Amanjaya DT\n \n Block A, Lot 60354, Jln Jati 1/1/ Pusat Perniagaan Amanjaya, 08000 Sungai Petani, Kedah Sungai Petani Kedah 08000 \nOpening Hours\n \nDaily: 7.00 AM - 1.00 AM"
    },
    {
        "id": 712,
        "name": "Aeon Tebrau City",
        "lat": "1.66353397",
        "lng": "103.79904095",
        "details": "Aeon Tebrau City\n \n Lot G115, Ground Floor, AEON Mall Tebrau City 1 Jalan Desa Tebrau 81100 Johor Bahru Johor Johor Johor 81100 \nOpening Hours\n \nSun - Thu: 10.00 AM - 10.00 PM\n \nFri, Sat & Public Holiday: 10.00 AM - 10.30 PM"
    },
    {
        "id": 715,
        "name": "Tin Village Mall",
        "lat": "4.40400970",
        "lng": "101.14345071",
        "details": "Tin Village Mall\n \n KR TKS01 & 02, Lot 312205, Jalan Batu Karang, Taman Kolej Perdana, 31900 Kampar, Perak Kampar Perak 31900 \nOpening Hours\n \nDaily: 8.30 AM - 10.00 PM"
    },
    {
        "id": 718,
        "name": "MyTOWN Shopping Centre",
        "lat": "3.13587010",
        "lng": "101.72271415",
        "details": "MyTOWN Shopping Centre\n \n G-03A, Ground Floor, No 6, Jalan Cochrane, Seksyen 90, 55100, Kuala Lumpur. Kuala Lumpur Federal Territories Kuala Lumpur 55100 \nOpening Hours\n \nDaily: 10.00 AM - 10.00 PM"
    },
    {
        "id": 721,
        "name": "Petron Bandar Sri Sendayan",
        "lat": "0.00000000",
        "lng": "0.00000000",
        "details": "Petron Bandar Sri Sendayan\n \n PT 10871-1, Persiaran 1, Sendayan Utama,Bandar Sri Sendayan (FELDA), 71950, Seremban, Negeri Sembilan Seremban Negeri Sembilan 71950 \nOpening Hours\n \nDaily: 8.00 AM - 12.00 AM"
    },
    {
        "id": 725,
        "name": "Eco Sanctuary Drive Thru",
        "lat": "2.94767494",
        "lng": "101.54574246",
        "details": "Eco Sanctuary Drive Thru\n \n Lot D-G-09, Se. Ruang Square, Eco Sanctuary, 42500 Telok Panglima Garang, Selangor. Telok Panglima Garang Selangor 42500 \nOperating Hours\n \nDaily: 7.00 AM - 12.00 AM"
    },
    {
        "id": 729,
        "name": "Bloomsvale Old Klang Road",
        "lat": "3.07553382",
        "lng": "101.66069733",
        "details": "Bloomsvale Old Klang Road\n \n Lot G-010, Ground Floor, Bloomsvale Shopping Gallery. Kuala Lumpur Federal Territories Kuala Lumpur 58200 \nOpening Hours\n \nDaily: 9.00 AM - 11.00 PM"
    },
    {
        "id": 732,
        "name": "Setia Eco Garden Drive Thru",
        "lat": "1.49305663",
        "lng": "103.58839747",
        "details": "Setia Eco Garden Drive Thru\n \n PTD181985, Jalan Laman Setia Utama Taman Setia Utama 81550 Johor Johor Johor 81550 \nOpening Hours\n \nDaily: 7.30 AM - 11.30 PM"
    },
    {
        "id": 735,
        "name": "Bangi Avenue Drive Thru",
        "lat": "2.90315172",
        "lng": "101.79204226",
        "details": "Bangi Avenue Drive Thru\n \n Lot PT 78467-A, Jalan Bangi Avenue 5, Bangi Avenue, 43000 Kajang, Selangor Darul Ehsan Kajang Selangor 43000 \nOpening Hours\n \nDaily: 6.30 AM - 12.30 AM"
    },
    {
        "id": 741,
        "name": "Shell Putrajaya Precinct 8 Drive Thru",
        "lat": "2.93305730",
        "lng": "101.67928496",
        "details": "Shell Putrajaya Precinct 8 Drive Thru\n \n Jalan P8 Lot Pt 1809, Presint 8, 62000, Putrajaya Putrajaya Federal Territories Putrajaya 62000 \nOpening Hours\n \nDaily: 7.00 AM - 12.00 AM"
    },
    {
        "id": 744,
        "name": "SHELL NSE Bukit Jalil Drive Thru",
        "lat": "3.05583537",
        "lng": "101.70444988",
        "details": "SHELL NSE Bukit Jalil Drive Thru\n \n HS(D) 82282, PT 4783, Mukim Petaling, 57100 Kuala Lumpur Kuala Lumpur Federal Territories Kuala Lumpur 57100 \nOpening Hours\n \nDaily: 6.30 AM - 12.00 AM"
    },
    {
        "id": 747,
        "name": "Elmina Lakeside Mall",
        "lat": "3.21696695",
        "lng": "101.54311265",
        "details": "Elmina Lakeside Mall\n \n Lot GF-20, Ground Floor, Elmina Lakeside Mall Shah Alam Selangor 40160 \nOpening Hours\n \nDaily: 8.00 AM - 11.30 PM"
    },
    {
        "id": 750,
        "name": "Mount Austin Drive Thru",
        "lat": "1.56176015",
        "lng": "103.77749978",
        "details": "Mount Austin Drive Thru\n \n 161050 Jalan Austin Heights 8/1, Taman Mount Austin, Johor Bahru Johor 81100 \nOpening Hours\n \nDaily: 7.00 AM - 12.00 AM"
    },
    {
        "id": 753,
        "name": "Caltex Eco Ardence Drive Thru",
        "lat": "3.08979811",
        "lng": "101.47730155",
        "details": "Caltex Eco Ardence Drive Thru\n \n Jalan Eco Ardence U12/36, Seksyen U12, 40170 Shah Alam, Selangor Shah Alam Selangor 40170 \nOpening Hours\n \nDaily: 7.00 AM - 12.00 AM"
    },
    {
        "id": 759,
        "name": "Sunway Pyramid Kiosk",
        "lat": "0.00000000",
        "lng": "0.00000000",
        "details": "Sunway Pyramid Kiosk\n \n LG 1.117D, Lower Ground One, Jalan PJS 11/15, Bandar Sunway, 47500 Petaling Jaya, Selangor Selangor Selangor 47500 \nOpening Hours\n \nDaily: 10.00 AM - 10.00 PM"
    },
    {
        "id": 94,
        "name": "AEON Bukit Tinggi",
        "lat": "2.99772100",
        "lng": "101.44263930",
        "details": "AEON Bukit Tinggi\n \n Lot G28, Ground Floor,AEON Mall Bukit Tinggi, No 1, Persiaran Batu Nilam 1/Ks6, Bandar Bukit Tinggi 2 Klang Selangor 41200 \nSun - Thu: 10.00 am – 10:00 pm Fri,Sat, & PH: 10.00 am - 10.30 pm https://cbtl.order.place/store/6249741254918144/mode/takeaway\nOpening Hours\n \nSun - Thu: 10.00 AM – 10:00 PM\nFri,Sat, & PH: 10.00 AM - 10.30 PM"
    },
    {
        "id": 97,
        "name": "Aman Central Mall ",
        "lat": "6.12496970",
        "lng": "100.36645720",
        "details": "Aman Central Mall \n \n Lot G-62A & G-73A Aman Central No. 1 Lebuhraya Darulaman Alor Setar Kedah 05100 \nDaily: 8.00 am - 11.00 pm https://cbtl.order.place/store/5940112297820160/mode/takeaway\nOpening Hours\n \nDaily: 8.30 AM - 10.30 PM"
    },
    {
        "id": 100,
        "name": "AEON Kota Bharu",
        "lat": "6.11644920",
        "lng": "102.22826060",
        "details": "AEON Kota Bharu\n \n Lot G37, Ground Floor, AEON Mall Kota Bharu, Kampung Sireh, Jalan Jambatan Sultan Yahya Petra, Kota Bharu Kelantan 15050 \nSat - Wed: 10:00 am – 10:00 pm Thu,Fri, & PH: 10.00 am - 10.30 pm https://cbtl.order.place/store/4975517454303232/mode/takeaway\nOpening Hours\n \nSat - Wed: 10:00 AM – 10:00 PM\n \nThu,Fri, & PH: 10.00 AM - 10.30 PM"
    },
    {
        "id": 103,
        "name": "Ayer Keroh Melaka",
        "lat": "2.25335750",
        "lng": "102.29068480",
        "details": "Ayer Keroh Melaka\n \n No 1, Ground Floor, Jalan Komersial Takh 2, Taman Air Keroh Height Malacca Malacca 75450 \nMon - Thu: 8.00 am - 12.00 am Fri, Sat & Eve of PH: 8.00 am - 1.00 am https://cbtl.order.place/store/4961548368347136/mode/takeaway\nOpening Hours\n \nDaily: 8.00 AM - 12.00 AM\n \nOrder Here Now"
    },
    {
        "id": 106,
        "name": "Ampang Point",
        "lat": "3.15917070",
        "lng": "101.75128240",
        "details": "Ampang Point\n \n No.51, Jalan Mamanda 9 Ampang Point Ampang Selangor 68000 \nDaily: 6.30 am – 1.00 am (Drive-In Available) https://cbtl.order.place/store/5968900389863424/mode/takeaway\nOperating Hours\n \nDaily: 7.00 AM - 12.30 AM"
    },
    {
        "id": 109,
        "name": "Plaza Arkadia",
        "lat": "3.18620540",
        "lng": "101.63613640",
        "details": "Plaza Arkadia\n \n A-G-11 (Block A), Plaza Arkadia, No. 3, Jalan Intisari Perdana Desa Parkcity Federal Territories Kuala Lumpur 52200 \nSun - Thu: 7.30am – 11.00 pm Fri,Sat, & PH: 7.30 am - 12.00 am https://cbtl.order.place/store/6447740119678976/mode/takeaway\nOperating Hours\n \nSun - Thu: 7.30 AM - 11.00 PM\n \nFri, Sat & Eve of PH: 7.30 AM - 12.00 AM"
    },
    {
        "id": 112,
        "name": "AEON Shah Alam",
        "lat": "3.07618260",
        "lng": "101.54851010",
        "details": "AEON Shah Alam\n \n Lot G22, Ground Floor Aeon Mall Shah Alam No. 1, Jalan Akuatik 13/64, Seksyen 13 Shah Alam Selangor 40100 \nOpening Hours\nSun - Thu: 10:00 AM – 10:00 PM\nFri,Sat, & PH: 10.00 AM - 10.30 PM\nSun - Thu: 10:00 am – 10:00 pm Fri,Sat, & PH: 10.00 am - 10.30 pm https://cbtl.order.place/store/6337468881174528/mode/takeaway"
    }
]