[{"storeNo":85237,"name":"PARIT RAJA","postcode":"86400","suburb":"Batu Pahat","state":"JHR","street":"No 24 Taman Universiti Parit Raja","address":"","lat":null,"lng":null},{"storeNo":85068,"name":"BATU PAHAT","postcode":"83000","suburb":"Batu Pahat","state":"JHR","street":"No 10 Jalan Setia Jaya Taman Setia Jaya","address":"","lat":null,"lng":null},{"storeNo":85119,"name":"PONTIAN","postcode":"82000","suburb":"Pontian","state":"JHR","street":"No 704 & 706 Jalan Alsagoff Bandar Pontian","address":"","lat":null,"lng":null},{"storeNo":85191,"name":"GELANG PATAH","postcode":"81550","suburb":"Gelang Patah","state":"JHR","street":"No 14 Jln Nusaria 1\/J2 Taman Nusantara","address":"","lat":null,"lng":null},{"storeNo":85190,"name":"PULAI PERDANA","postcode":"81300","suburb":"Pulai Perdana","state":"JHR","street":"No 57 Jalan Perdana 4 Taman Sri Pulai Perdana 2","address":"","lat":null,"lng":null},{"storeNo":85074,"name":"TAMAN UNIVERSITY","postcode":"81300","suburb":"Skudai","state":"JHR","street":"30 Jalan Kebudayaan 7 Tmn Universiti","address":"","lat":null,"lng":null},{"storeNo":85238,"name":"NUSA IDAMAN","postcode":"79100","suburb":"Iskandar Puteri","state":"JHR","street":"70 Ground Floor Jalan Susur Idaman Nusa Idaman","address":"","lat":null,"lng":null},{"storeNo":85012,"name":"NUSA BESTARI","postcode":"81200","suburb":"Skudai","state":"JHR","street":"77G Jalan Bestari 1\/5 Taman Nusa Bestari","address":"","lat":null,"lng":null},{"storeNo":85271,"name":"SENAI","postcode":"81400","suburb":"Senai","state":"JHR","street":"No. 44, Jalan Seni, Bandar Senai","address":"","lat":null,"lng":null},{"storeNo":85187,"name":"TAMAN PERLING","postcode":"81200","suburb":"Johor Bahru","state":"JHR","street":"No 368 Jalan Simbang Taman Perling","address":"","lat":null,"lng":null},{"storeNo":85071,"name":"KULAI","postcode":"81000","suburb":"Kulai Jaya","state":"JHR","street":"7 Jalan Kenanga 29\/1 Indahpura","address":"","lat":null,"lng":null},{"storeNo":85144,"name":"BANDAR BARU UDA","postcode":"81200","suburb":"Johor Bahru","state":"JHR","street":"16-01 & 18-01 Jalan Padi Emas 1\/7 Bandar Uda","address":"","lat":null,"lng":null},{"storeNo":85220,"name":"KOTA MASAI","postcode":"81700","suburb":"Pasir Gudang","state":"JHR","street":"No 34 Jalan Rambai 11 Taman Kota Masai","address":"","lat":null,"lng":null},{"storeNo":85076,"name":"BUKIT DAHLIA","postcode":"81700","suburb":"Pasir Gudang","state":"JHR","street":"46 Jln Sejambak 14 Tmn Bukit Dahlia","address":"","lat":null,"lng":null},{"storeNo":85198,"name":"SERI ALAM","postcode":"81750","suburb":"Masai","state":"JHR","street":"Ground Floor No 19 & 21 Jalan Suria 1 Bandar Seri Alam","address":"","lat":null,"lng":null},{"storeNo":85156,"name":"PERMAS JAYA","postcode":"81750","suburb":"Permas Jaya","state":"JHR","street":"No 12 Jalan Permas 10 Bandar Permas Jaya","address":"","lat":null,"lng":null},{"storeNo":85152,"name":"JOHOR JAYA","postcode":"81100","suburb":"Johor Bahru","state":"JHR","street":"No 18 Jalan Dedap 13 Taman Johor Jaya","address":"","lat":null,"lng":null},{"storeNo":85078,"name":"TAMAN GAYA","postcode":"81800","suburb":"Ulu Tiram","state":"JHR","street":"No 5 Jalan Sasa 6 Taman Gaya","address":"","lat":null,"lng":null},{"storeNo":85219,"name":"DESARU UTAMA","postcode":"81930","suburb":"Bandar Penawar","state":"JHR","street":"Grd & 1st Floor No 80 Jalan Kempas 2 Taman Desaru Utama","address":"","lat":null,"lng":null},{"storeNo":85014,"name":"AUSTIN HEIGHT","postcode":"81100","suburb":"Austin Heights","state":"JHR","street":"49G Jalan Austin Heights 3 Taman Mount Aunstin","address":"","lat":null,"lng":null},{"storeNo":85013,"name":"TAMAN MELODIES","postcode":"80150","suburb":"Johor Bahru","state":"JHR","street":"PTD 10371, 15-15A, JALAN SULAM, TAMAN SENTOSA","address":"","lat":null,"lng":null},{"storeNo":85106,"name":"KOTA TINGGI","postcode":"81900","suburb":"Kota Tinggi","state":"JHR","street":"BLK A\/ Lot 5 Jln Sri Warisan 1 Kota Heritage Commersial Centre Jln Mawai","address":"","lat":null,"lng":null},{"storeNo":85284,"name":"BATU KAWA","postcode":"93250","suburb":"Kuching","state":"SWK","street":"Lot 7040 Block 225 Kuching North Land District (S\/L 40) 194 Pines Square Jalan Batu Kawa Lrg Pines Square 1B2F","address":"","lat":null,"lng":null},{"storeNo":85282,"name":"METROCITY","postcode":"93050","suburb":"Kuching","state":"SWK","street":"Ground Floor, Sublot 108-109, Lot14083-14084 of Parent Lot 13768, Block 3, Section 65","address":"","lat":null,"lng":null},{"storeNo":85281,"name":"JALAN GREEN","postcode":"93150","suburb":"Kuching","state":"SWK","street":"Sublot 5 & 6, Ground Floor, Lots 68-71, Section 22, KTLD, Jalan Green","address":"","lat":null,"lng":null},{"storeNo":85280,"name":"TABUAN TRANQUILITY","postcode":"93350","suburb":"Kuching","state":"SWK","street":"Ground Floor Lot 16567-16568 , Sublot Lot 5-6 , Block 11, Muara Tebas Land District","address":"","lat":null,"lng":null},{"storeNo":85288,"name":"SAMARAHAN","postcode":"94300","suburb":"Kota Samarahan","state":"SWK","street":"Lot 12679 Blk 26 Muara Tuang Land District No.7 Melaban Commercial Centre Off Jln Datuk Mohd Musa","address":"","lat":null,"lng":null},{"storeNo":85182,"name":"KOTA LAKSAMANA","postcode":"75200","suburb":"Seksyen 3","state":"MLK","street":"No 45 (Ground Floor) Jalan KL 3\/8 Taman Kota Laksamana","address":"","lat":null,"lng":null},{"storeNo":85059,"name":"BUKIT BARU","postcode":"75150","suburb":"Bukit Baru","state":"MLK","street":"No 25 25-1 & 25-2 Jalan KPAA 1 Kompleks Perniagaan AL-Azim","address":"","lat":null,"lng":null},{"storeNo":85058,"name":"MERDEKA PERMAI","postcode":"75350","suburb":"Batu Berendam","state":"MLK","street":"No.1 1-1 & 1-2 Jalan MP 1 Taman Merdeka Permai","address":"","lat":null,"lng":null},{"storeNo":85091,"name":"MELAKA CHENG","postcode":"76450","suburb":"Cheng","state":"MLK","street":"No 63 & 63-1 Jalan Inang 3 Taman Paya Rumput Utama","address":"","lat":null,"lng":null},{"storeNo":85160,"name":"AYER KEROH","postcode":"75450","suburb":"Ayer Keroh","state":"MLK","street":"No 9 Jalan Komersial TAKH 2 Taman Ayer Keroh Heights","address":"","lat":null,"lng":null},{"storeNo":85254,"name":"ALOR GAJAH","postcode":"78000","suburb":"Alor Gajah","state":"MLK","street":"KM5-1 (Ground Floor) Jalan Perniagaan 1, Pusat Perniagaan\r\n","address":"","lat":null,"lng":null},{"storeNo":85114,"name":"MUAR","postcode":"84000","suburb":"Muar","state":"JHR","street":"Lot 01 Ground Floor Muar Trade Centre No 16  Jalan Patrie","address":"","lat":null,"lng":null},{"storeNo":85264,"name":"JALAN BAKRI","postcode":"84000","suburb":"Muar","state":"JHR","street":"No.3 Ground Floor Jalan Bakri, KCC City Business Park","address":"","lat":null,"lng":null},{"storeNo":85123,"name":"TANGKAK","postcode":"84900","suburb":"Tangkak","state":"JHR","street":"No 8 Pusat Perniagaan Naib Long 2 Jalan Muar","address":"","lat":null,"lng":null},{"storeNo":85241,"name":"JASIN","postcode":"77000","suburb":"Jasin","state":"MLK","street":"JA 8289 Jalan Haji Md Yasin Bandar Baru Jasin III","address":"","lat":null,"lng":null},{"storeNo":85066,"name":"KLUANG","postcode":"86000","suburb":"Kluang","state":"JHR","street":"Grd 1st & 2nd Floor No 6 Jln Syed Abdul Hamid Sagaff","address":"","lat":null,"lng":null},{"storeNo":85289,"name":"SIBU","postcode":"96000","suburb":"Sibu","state":"SWK","street":"Ground Floor, Lot 3275 Block 4, SG MTD 75 Jalan Deshon","address":"","lat":null,"lng":null},{"storeNo":85080,"name":"PORT DICKSON","postcode":"71000","suburb":"Port Dickson","state":"NSN","street":"No.9 Jalan Pusat Perniagaan Impian 1 Pusat Perniagaan Impian","address":"","lat":null,"lng":null},{"storeNo":85098,"name":"BANTING","postcode":"42700","suburb":"Banting","state":"SEL","street":"No 300 Jalan Sultan Abdul Samad","address":"","lat":null,"lng":null},{"storeNo":85234,"name":"BANDAR ENSTEK","postcode":"71760","suburb":"Bandar Enstek","state":"NSN","street":"No 35 Jalan Timur 6\/1A Timur@Enstek","address":"","lat":null,"lng":null},{"storeNo":85199,"name":"KOTA WARISAN","postcode":"43900","suburb":"Sepang","state":"SEL","street":"15-G Jalan Warisan Sentral 1 KIP Sentral Kota Warisan","address":"","lat":null,"lng":null},{"storeNo":85265,"name":"TAMAN SEROJA","postcode":"43900","suburb":"Sepang","state":"SEL","street":"1 Jalan Seroja 4,Taman Seroja","address":"","lat":null,"lng":null},{"storeNo":85262,"name":"BANDAR SRI SENDAYAN","postcode":"71950","suburb":"Bandar Sri Sendayan","state":"NSN","street":"No 300, Jalan Pusat Dagangan Sendayan, 3\/6, Pusat Dagangan Sendayan","address":"","lat":null,"lng":null},{"storeNo":85256,"name":"DENGKIL","postcode":"43800","suburb":"Dengkil","state":"SEL","street":"No.25 Jalan Kenanga 1 ,Taman Dengkil Jaya","address":"","lat":null,"lng":null},{"storeNo":85180,"name":"PANGLIMA GARANG","postcode":"42500","suburb":"Telok Panglima Garang","state":"SEL","street":"No 42 Ground Floor Jalan Utama 57 Taman Jaya Utama","address":"","lat":null,"lng":null},{"storeNo":85052,"name":"PUTRA NILAI","postcode":"71800","suburb":"Nilai","state":"NSN","street":"PT 7437 Jln BBN 1\/2f Putra Nilai","address":"","lat":null,"lng":null},{"storeNo":85044,"name":"CYBERJAYA 1 CYBERPOINT","postcode":"63000","suburb":"Cyberjaya","state":"SEL","street":"16G Lingkaran CyberPoint Bara","address":"","lat":null,"lng":null},{"storeNo":85174,"name":"RASAH JAYA","postcode":"70300","suburb":"Seremban","state":"NSN","street":"No 3815 Jalan RJ 6\/8 Taman Rasah Jaya","address":"","lat":null,"lng":null},{"storeNo":85050,"name":"SENAWANG","postcode":"70450","suburb":"Seremban","state":"NSN","street":"139G Jln Tmn Komersil Senawang 1 Tmn Komersil Senawang","address":"","lat":null,"lng":null},{"storeNo":85069,"name":"SEREMBAN2","postcode":"70300","suburb":"Seremban","state":"NSN","street":"335 (G1 & G2) Jln S2 B8 Seksyen B Seremban 2","address":"","lat":null,"lng":null},{"storeNo":85186,"name":"PAROI","postcode":"70400","suburb":"Seremban","state":"NSN","street":"No 3-1 Jalan PPP 1 Pusat Perdagangan Paroi Off Jalan Kuala Pilah","address":"","lat":null,"lng":null},{"storeNo":85079,"name":"TAMPIN","postcode":"73000","suburb":"Tampin","state":"NSN","street":"Unit 758-G & 759-G Jalan Depan Pasar Tampin","address":"","lat":null,"lng":null},{"storeNo":85032,"name":"YAM TUAN","postcode":"70000","suburb":"Seremban","state":"NSN","street":"30 Grd Flr Jalan Yam Tuan","address":"","lat":null,"lng":null},{"storeNo":85081,"name":"SEGAMAT","postcode":"85000","suburb":"Segamat","state":"JHR","street":"Ground Floor No 17 Jln Susur Utama 2\/1 Taman Utama","address":"","lat":null,"lng":null},{"storeNo":85244,"name":"MERSING","postcode":"86800","suburb":"Mersing","state":"JHR","street":"No 2 Jalan Ismail Mersing Kechil","address":"","lat":null,"lng":null},{"storeNo":85245,"name":"KAPAR","postcode":"42200","suburb":"Kapar","state":"SEL","street":"G-268 KU\/13 Jalan Besar","address":"","lat":null,"lng":null},{"storeNo":85061,"name":"PORT KLANG","postcode":"42000","suburb":"Port Klang","state":"SEL","street":"NO.170 Persiaran Raja Muda Musa","address":"","lat":null,"lng":null},{"storeNo":85117,"name":"KUALA SELANGOR","postcode":"45000","suburb":"Kuala Selangor","state":"SEL","street":"No 23 & 25 Ground Floor Jalan Warisan 1 Taman Warisan","address":"","lat":null,"lng":null},{"storeNo":85177,"name":"TELUK PULAI","postcode":"41100","suburb":"Klang","state":"SEL","street":"No 21 Ground Floor Jalan Teluk Pulai","address":"","lat":null,"lng":null},{"storeNo":85025,"name":"BANDAR AMBANG BOTANIC","postcode":"41200","suburb":"Klang","state":"SEL","street":"No 15 Ground Flr Jln Remia 3\/KS6 Bandar Botanik","address":"","lat":null,"lng":null},{"storeNo":85039,"name":"KOTA KEMUNING","postcode":"40460","suburb":"Shah Alam","state":"SEL","street":"136 Jalan Anggerik Vanila X31\/X Kota Kemuning","address":"","lat":null,"lng":null},{"storeNo":85159,"name":"TAMAN SEJATI","postcode":"41200","suburb":"Klang","state":"SEL","street":"No 44 & 46 Jalan Bendahara 1\/KS7 Taman Sejati","address":"","lat":null,"lng":null},{"storeNo":85185,"name":"SRI MUDA","postcode":"40400","suburb":"Shah Alam","state":"SEL","street":"23 Jalan Terlaju 25\/67 Taman Sri Muda","address":"","lat":null,"lng":null},{"storeNo":85268,"name":"KSL AVENUE","postcode":"41200","suburb":"Klang","state":"SEL","street":"No 13 Ground Floor KSL Avenue, Jalan Langat KS9, Bandar Bestari","address":"","lat":null,"lng":null},{"storeNo":85065,"name":"SHAH ALAM B (SECTION 23)","postcode":"40300","suburb":"Shah Alam","state":"SEL","street":"65 Jalan Pelabur B 23\/B Seksyen 23","address":"","lat":null,"lng":null},{"storeNo":85162,"name":"ALAM AVENUE","postcode":"40200","suburb":"Shah Alam","state":"SEL","street":"C-23 Ground Floor Alam Avenue 2 Jalan Serai Wangi L 16\/L","address":"","lat":null,"lng":null},{"storeNo":85200,"name":"SECTION 27 ALM MEGAH","postcode":"40400","suburb":"Shah Alam","state":"SEL","street":"No 34 Jalan Kota Raja M27\/M Seksyen 27","address":"","lat":null,"lng":null},{"storeNo":85258,"name":"ECO SANCTUARY","postcode":"42500","suburb":"Telok Panglima Garang","state":"SEL","street":"No. 52A-G ,Jalan Eco Santuary 8\/2B, Eco Santuary","address":"","lat":null,"lng":null},{"storeNo":85007,"name":"BANDAR BARU KLANG","postcode":"41150","suburb":"Klang","state":"SEL","street":"2A-6 Jalan Tiara 2A Bandar Baru Klang","address":"","lat":null,"lng":null},{"storeNo":85120,"name":"SEMENYIH","postcode":"43500","suburb":"Semenyih","state":"SEL","street":"No.42A Jalan TPS 1\/2 Taman Pelangi Semenyih","address":"","lat":null,"lng":null},{"storeNo":85096,"name":"TEKNOLOGI KAJANG","postcode":"43500","suburb":"Semenyih","state":"SEL","street":"30 Jalan 1\/2 seksyen 1 Bandar Teknologi Kajang","address":"","lat":null,"lng":null},{"storeNo":85135,"name":"TTDI GROVE KAJANG","postcode":"43000","suburb":"Kajang","state":"SEL","street":"No 68 Jln TTDI Grove 1\/1 Taman TTDI Grove","address":"","lat":null,"lng":null},{"storeNo":85252,"name":"ECO MAJESTIC","postcode":"43500","suburb":"Semenyih","state":"SEL","street":"No 43 Jalan Eco Majestic 10\/1C,Eco Majestic","address":"","lat":null,"lng":null},{"storeNo":85016,"name":"KAJANG","postcode":"43300","suburb":"Kajang","state":"SEL","street":"1G Jalan Semenyih","address":"","lat":null,"lng":null},{"storeNo":85038,"name":"SUNGAI LONG","postcode":"43300","suburb":"Kajang","state":"SEL","street":"26G Jalan SL 1\/11 Bandar Sungai Long Jalan Cheras","address":"","lat":null,"lng":null},{"storeNo":85166,"name":"HENTIAN KAJANG","postcode":"43650","suburb":"Kajang","state":"SEL","street":"No 3A-G & M Jalan Hentian 1 Pusat Hentian Kajang","address":"","lat":null,"lng":null},{"storeNo":85195,"name":"MAHKOTA CHERAS","postcode":"43200","suburb":"Cheras","state":"SEL","street":"18 Jalan Temenggung 7\/9 Bandar Mahkota Cheras","address":"","lat":null,"lng":null},{"storeNo":85192,"name":"SUNGAI CHUA","postcode":"43000","suburb":"Kajang","state":"SEL","street":"S22 Pearl Avenue Shop Jalan Pasir Emas Sungai Chua","address":"","lat":null,"lng":null},{"storeNo":85231,"name":"HULU LANGAT","postcode":"43100","suburb":"Hulu Langat","state":"SEL","street":"No 38 Ground Floor Jalan Seri Mas 1 Taman Seri Mas","address":"","lat":null,"lng":null},{"storeNo":85287,"name":"BINTULU","postcode":"97000","suburb":"Bintulu","state":"SWK","street":"Sk One Garden City No A-L1-1 Lot 4699","address":"","lat":null,"lng":null},{"storeNo":85276,"name":"SUNGAI BESAR","postcode":"45000","suburb":"Sungai Besar","state":"SEL","street":"No 16 Jalan SBBC 7, Sungai Besar Business Centre","address":"","lat":null,"lng":null},{"storeNo":85127,"name":"BUKIT SENTOSA","postcode":"48300","suburb":"Rawang","state":"SEL","street":"No 8 Jalan Orkid 1D\/2 Bukit Sentosa Seksyen BS2","address":"","lat":null,"lng":null},{"storeNo":85226,"name":"BATANG KALI","postcode":"44300","suburb":"Batang Kali","state":"SEL","street":"No 33 Jalan Mahagoni 7\/1 Perniagaan Jalan Mahagoni","address":"","lat":null,"lng":null},{"storeNo":85239,"name":"RAWANG MAISON","postcode":"48000","suburb":"Rawang","state":"SEL","street":"44567 Jalan Maisons 1 Pusat Perdagangan Maisons 1","address":"","lat":null,"lng":null},{"storeNo":85134,"name":"TANJUNG MALIM","postcode":"35900","suburb":"Tanjung Malim","state":"PRK","street":"No. 4 PT 2415 Jalan Cahaya Taman Anggerik Desa","address":"","lat":null,"lng":null},{"storeNo":85055,"name":"RAWANG","postcode":"48000","suburb":"Rawang","state":"SEL","street":"Ground Floor No 23 Jalan Bandar 2 Jalan Bandar Baru Rawang","address":"","lat":null,"lng":null},{"storeNo":85176,"name":"PUNCAK ALAM","postcode":"42300","suburb":"Puncak Alam","state":"SEL","street":"No 3-1 Jalan Puncak Alam Jaya 10 Pusat Perdagangan Alam Jaya","address":"","lat":null,"lng":null},{"storeNo":85146,"name":"BANDAR BARU SELAYANG","postcode":"68100","suburb":"Batu Caves","state":"SEL","street":"No 23 Jalan 2\/16 Bandar Baru Se","address":"","lat":null,"lng":null},{"storeNo":85142,"name":"SUNGAI BULOH","postcode":"40160","suburb":"Shah Alam","state":"SEL","street":"No 2406 & 2407 Jalan 1A\/3 Bandar Baru Sungai Buloh Section U20","address":"","lat":null,"lng":null},{"storeNo":85140,"name":"SAUJANA UTAMA","postcode":"47000","suburb":"Sungai Buloh","state":"SEL","street":"No 36 Jalan Bidara 6\/3 Saujana Utama 3","address":"","lat":null,"lng":null},{"storeNo":85129,"name":"BENTONG","postcode":"28700","suburb":"Bentong","state":"PHG","street":"No P5 Jalan Prima 1 Taman Bentong Prima","address":"","lat":null,"lng":null},{"storeNo":85228,"name":"RAUB","postcode":"27600","suburb":"Raub","state":"PHG","street":"No 5 Jalan Tras Pusat Perniagaan Raub","address":"","lat":null,"lng":null},{"storeNo":85163,"name":"UKAY BESTARI","postcode":"68000","suburb":"Ampang","state":"SEL","street":"A-G-03 & A-G-04 Tgkt Bawah Residensi Bistaria Tmn Ukay Bistari Hulu Kelang","address":"","lat":null,"lng":null},{"storeNo":85023,"name":"MELAWATI","postcode":"53100","suburb":"Kuala Lumpur","state":"WP","street":"235 Jalan Bandar 13 Taman Melawati","address":"","lat":null,"lng":null},{"storeNo":85188,"name":"TAMAN MELATI","postcode":"53100","suburb":"Kuala Lumpur","state":"WP","street":"11 G & 11 LG Jalan Melati Utama 4 Taman Melati Utama","address":"","lat":null,"lng":null},{"storeNo":85112,"name":"TEMERLOH","postcode":"28000","suburb":"Temerloh","state":"PHG","street":"No 1 Ground Floor  Jalan Chengal Indah 1-1 Taman Chengal Indah","address":"","lat":null,"lng":null},{"storeNo":85139,"name":"SERI GOMBAK","postcode":"68100","suburb":"Batu Caves","state":"SEL","street":"Lot B-G-03 G360 Jalan Makmur Taman Sri Gombak","address":"","lat":null,"lng":null},{"storeNo":85259,"name":"METROVIEW","postcode":"53300","suburb":"Kuala Lumpur","state":"WP","street":"No.13-G, Jalan Metro Wangsa Maju","address":"","lat":null,"lng":null},{"storeNo":85017,"name":"WANGSA MAJU","postcode":"53300","suburb":"Kuala Lumpur","state":"WP","street":"No 5 Block 1A Jalan Wangsa Delima 13 Wangsa Maju","address":"","lat":null,"lng":null},{"storeNo":85157,"name":"TAMAN TAS","postcode":"25150","suburb":"Kuantan","state":"PHG","street":"Sublot A-7 Jalan Pandan Damai 3 Batu 7 Jalan Gambang","address":"","lat":null,"lng":null},{"storeNo":85110,"name":"KUANTAN 1 TUN ISMAIL","postcode":"25150","suburb":"Kuantan","state":"PHG","street":"A 111 Jalan Tun Ismail","address":"","lat":null,"lng":null},{"storeNo":85111,"name":"KUANTAN 2 INDERA MAHKOTA","postcode":"25200","suburb":"Indera Mahkota","state":"PHG","street":"No. A1 Ground Floor  Jalan IM 7\/3 Suria Atabara Bandar Indera Mahkota","address":"","lat":null,"lng":null},{"storeNo":85088,"name":"SITIAWAN","postcode":"13820","suburb":"Sitiawan","state":"PRK","street":"Ground Floor Lot 13820 Jalan Lumut","address":"","lat":null,"lng":null},{"storeNo":85083,"name":"TELUK INTAN","postcode":"36000","suburb":"Teluk Intan","state":"PRK","street":"PT - 1147 Jalan Mahkota","address":"","lat":null,"lng":null},{"storeNo":85092,"name":"KAMPAR","postcode":"31900","suburb":"Kampar","state":"PRK","street":"No. 9 Jalan Batu Karang Taman Bandar Baru","address":"","lat":null,"lng":null},{"storeNo":85118,"name":"SERI ISKANDAR","postcode":"32610","suburb":"Bandar Seri Iskandar","state":"PRK","street":"No 1 & 1A Jalan PP1 Bandar Universiti Seri Iskandar","address":"","lat":null,"lng":null},{"storeNo":85122,"name":"JERANTUT","postcode":"27000","suburb":"Jerantut","state":"PHG","street":"Lot No. K9 Ground Floor Jalan Tiew Soon Taman Tiow Soon","address":"","lat":null,"lng":null},{"storeNo":85125,"name":"KEMAMAN","postcode":"18543","suburb":"Kemaman","state":"TRG","street":"K18543 Ground and 1st Floor Jalan Kubang Kurus Taman Bersekutu","address":"","lat":null,"lng":null},{"storeNo":85285,"name":"MIRI MARINA","postcode":"98000","suburb":"Miri","state":"SWK","street":"GF Lot 2050 Lrg Marina 3\/2 Marina Square 1 Marina Parkcity","address":"","lat":null,"lng":null},{"storeNo":85292,"name":"TAWAU KUBOTA","postcode":"91000","suburb":"Tawau","state":"SBH","street":"No: 72, Blok: P, Lot : P1, Kubota Sentral, \r\nJalan Datuk Chong Thien Vun,","address":"","lat":null,"lng":null},{"storeNo":85290,"name":"TAWAU","postcode":"91000","suburb":"Tawau","state":"SBH","street":"Pavillion Lot 10 Ground Floor Jalan Kuhara","address":"","lat":null,"lng":null},{"storeNo":85073,"name":"TAIPING","postcode":"34000","suburb":"Taiping","state":"PRK","street":"No 76F Jalan Tupai","address":"","lat":null,"lng":null},{"storeNo":85247,"name":"KAMUNTING","postcode":"36000","suburb":"Taiping","state":"PRK","street":"Lot 425 & 426 Jalan Kamunting Bandar Kamunting","address":"","lat":null,"lng":null},{"storeNo":85090,"name":"STATION 18","postcode":"31650","suburb":"Ipoh","state":"PRK","street":"No 49 49A-B Susuran Stesen 18","address":"","lat":null,"lng":null},{"storeNo":85056,"name":"MEDAN SILIBIN","postcode":"30100","suburb":"Ipoh","state":"PRK","street":"No 18 Medan Silibin Jalan Silibin","address":"","lat":null,"lng":null},{"storeNo":85260,"name":"RAJA MUSA","postcode":"30300","suburb":"Ipoh","state":"PRK","street":"60, Jalan Raja Musa Aziz, Kampung Jawa","address":"","lat":null,"lng":null},{"storeNo":85053,"name":"GUNUNG RAPAT","postcode":"31400","suburb":"Ipoh","state":"PRK","street":"250 Jln Raja Dr Nazrin Shah","address":"","lat":null,"lng":null},{"storeNo":85051,"name":"IPOH KINTA CITY","postcode":"31400","suburb":"Ipoh","state":"PRK","street":"69 Jalan Medan Ipoh 1A Medan Ipoh Bistari","address":"","lat":null,"lng":null},{"storeNo":85212,"name":"MERU RAYA","postcode":"30200","suburb":"Ipoh","state":"PRK","street":"No 24 & 26 Jalan Bestari B2 Medan Baru Bestari (Zonne 5)","address":"","lat":null,"lng":null},{"storeNo":85137,"name":"TAWAS DAMAI","postcode":"30010","suburb":"Ipoh","state":"PRK","street":"20 & 30 Laluan Tawas Damai Anjung Tawas Damai","address":"","lat":null,"lng":null},{"storeNo":85224,"name":"KUALA KANGSAR","postcode":"33000","suburb":"Kuala Kangsar","state":"PRK","street":"No3 Grd Flr Persiaran Medan Mutiara 1 Taman Medan Mutiara Jalan Taiping","address":"","lat":null,"lng":null},{"storeNo":85230,"name":"CAMERON HIGHLAND","postcode":"39100","suburb":"Cameron Highland","state":"PHG","street":"G 11 and G 12 Ground Floor Cameron Square Jalan Aranda Nova Greencow","address":"","lat":null,"lng":null},{"storeNo":85279,"name":"KERTIH","postcode":"24300","suburb":"Kertih","state":"TRG","street":"Lot 9520, Tkt Bawah, Persiaran Seligi, Bandar Baru Kertih\r\n","address":"","lat":null,"lng":null},{"storeNo":85286,"name":"MIRI PERMYJAYA","postcode":"98000","suburb":"Miri","state":"SWK","street":"Lot 6113 Blk 11 Kuala Baram Land District Pusat Comm. Ctr PH.5 PermyJaya","address":"","lat":null,"lng":null},{"storeNo":85113,"name":"SUNWAY PRIMA","postcode":"11900","suburb":"Bayan Lepas","state":"PNG","street":"B-19A Lintang Sungai Tiram MK12","address":"","lat":null,"lng":null},{"storeNo":85183,"name":"SUNGAI ARA","postcode":"11900","suburb":"Bayan Lepas","state":"PNG","street":"1-1-1 Tingkat Kenari 5 Kenari Avenue","address":"","lat":null,"lng":null},{"storeNo":85041,"name":"BAYAN LEPAS","postcode":"11900","suburb":"Bayan Lepas","state":"PNG","street":"303-1-31 Krystal Point Jalan Sultan Azlan Shah","address":"","lat":null,"lng":null},{"storeNo":85130,"name":"PARIT BUNTAR","postcode":"23252","suburb":"Parit Buntar","state":"PRK","street":"No 2 Jalan Asuhan Pusat Perniagaan Setia Jaya","address":"","lat":null,"lng":null},{"storeNo":85263,"name":"NIBONG TEBAL","postcode":"14300","suburb":"Nibong Tebal","state":"PNG","street":"44 Jalan Besar Nibong Tebal,Taman Merbah","address":"","lat":null,"lng":null},{"storeNo":85213,"name":"SIMPANG AMPAT","postcode":"14100","suburb":"Seberang Perai Selatan","state":"PNG","street":"1632 Jalan Bukit Tambun Simpang Ampat","address":"","lat":null,"lng":null},{"storeNo":85204,"name":"BAYU","postcode":"14000","suburb":"Bukit Mertajam","state":"PNG","street":"No. 5 (Ground Floor) Jalan Bayu Mutiara 2 Taman Bayu Mutiara","address":"","lat":null,"lng":null},{"storeNo":85085,"name":"BUKIT MERTAJAM","postcode":"14000","suburb":"Bukit Mertajam","state":"PNG","street":"No 17 & 19 Jalan Maju","address":"","lat":null,"lng":null},{"storeNo":85089,"name":"KULIM","postcode":"9000","suburb":"Kulim","state":"KDH","street":"No 612 Jalan Seraya 1 Pusat Perniagaan Seraya","address":"","lat":null,"lng":null},{"storeNo":85278,"name":"SUNGAI SIPUT","postcode":"31100","suburb":"Sungai Siput (U)","state":"PRK","street":"No 18, Taman Tun Sambanthan","address":"","lat":null,"lng":null},{"storeNo":85132,"name":"KUALA IBAI","postcode":"20400","suburb":"Kuala Terengganu","state":"TRG","street":"1797-A Kg. Kuala Ibai Jalan Besar Off Jalan Batu Buruk","address":"","lat":null,"lng":null},{"storeNo":85148,"name":"KUALA TERENGGANU","postcode":"20300","suburb":"Kuala Terengganu","state":"TRG","street":"No. 1D & 1E Ground & Mezzanine Floor Jalan Air Jernih","address":"","lat":null,"lng":null},{"storeNo":85235,"name":"GONG BADAK","postcode":"35473","suburb":"Kuala Terengganu","state":"TRG","street":"PT35473 Grd & 1st Flr Dataran Austin Jln Austin 1 Wakaf Tembusu","address":"","lat":null,"lng":null},{"storeNo":85250,"name":"LABUAN","postcode":"87000","suburb":"Labuan","state":"LBN","street":"G&1st Floor Lot 62 Jati Commercial Centre","address":"","lat":null,"lng":null},{"storeNo":85277,"name":"BATU FERRINGHI","postcode":"11100","suburb":"Batu Ferringhi","state":"PNG","street":"78-01-01, Jalan Batu Ferringhi","address":"","lat":null,"lng":null},{"storeNo":85101,"name":"TANJUNG BUNGAH","postcode":"11200","suburb":"Tanjung Bungah","state":"PNG","street":"1-L Jalan Sungai Kelian","address":"","lat":null,"lng":null},{"storeNo":85143,"name":"FARLIM AYER HITAM","postcode":"11500","suburb":"Air Itam","state":"PNG","street":"70A Ground & 1st Floor  Jalan Lintang Angsana Bandar Baru Air Itam","address":"","lat":null,"lng":null},{"storeNo":85019,"name":"BURMA ROAD","postcode":"10350","suburb":"Georgetown","state":"PNG","street":"No 401 Jalan Burma Pulau Tikus","address":"","lat":null,"lng":null},{"storeNo":85040,"name":"GREEN LANE","postcode":"11700","suburb":"Gelugor","state":"PNG","street":"No.3-G-13 Lorong Delima 20, Des Mutiara, Off Jln Yap Chor EE","address":"","lat":null,"lng":null},{"storeNo":85208,"name":"JLN PERAK","postcode":"11600","suburb":"Pulau Pinang","state":"PNG","street":"No. 336-B Ground Floor Jalan Perak","address":"","lat":null,"lng":null},{"storeNo":85151,"name":"DATO KERAMAT","postcode":"10150","suburb":"Georgetown","state":"PNG","street":"No 142 Jln Dato Keramat","address":"","lat":null,"lng":null},{"storeNo":85266,"name":"PADANG SERAI","postcode":"09400","suburb":"Padang Serai","state":"KDH","street":"No. 2356A, Lorong Serai Wangi 1\/10, Taman Serai Wangi","address":"","lat":null,"lng":null},{"storeNo":85196,"name":"KEPALA BATAS","postcode":"13200","suburb":"Kepala Batas","state":"PNG","street":"No 4 Jalan Dagangan 2 Pusat Bandar Bertam Perdana","address":"","lat":null,"lng":null},{"storeNo":85283,"name":"SUNGAI DUA","postcode":"13800","suburb":"Butterworth","state":"PNG","street":"1978, Jalan Merbau Indah, Taman Merbau Indah","address":"","lat":null,"lng":null},{"storeNo":85116,"name":"SUNGAI PETANI","postcode":"8000","suburb":"Sungai Petani","state":"KDH","street":"No 7 & 8 Jalan PPZ 1 Pusat Perniagaan Zamrud Jalan Bakar Arang","address":"","lat":null,"lng":null},{"storeNo":85261,"name":"TAMAN BATIK","postcode":"08000","suburb":"Sungai Petani","state":"KDH","street":"No.221 ,Ground Floor,Jalan Batik 2\/1, Taman Batik","address":"","lat":null,"lng":null},{"storeNo":85104,"name":"RAJA UDA","postcode":"12300","suburb":"Butterworth","state":"PNG","street":"No 137 137A 137B Jalan Raja Uda Pusat Perniagaan Raja Uda","address":"","lat":null,"lng":null},{"storeNo":85035,"name":"PRAI SUNWAY CARNIVAL","postcode":"13700","suburb":"Prai","state":"PNG","street":"No 22 Ground Floor Jalan Todak 2 Pusat Bandar Sunway Seberang Jaya","address":"","lat":null,"lng":null},{"storeNo":85274,"name":"BALING","postcode":"09100","suburb":"Baling","state":"KDH","street":"Lot 85, Persiaran Kota 3\/5, Kota Baling Jaya","address":"","lat":null,"lng":null},{"storeNo":85270,"name":"TANAH MERAH","postcode":"17500","suburb":"Tanah Merah","state":"KTN","street":"Lot PT 239, HS (D) 1471, Bandar Tanah Merah","address":"","lat":null,"lng":null},{"storeNo":85272,"name":"JERTEH","postcode":"22000","suburb":"Jerteh","state":"TRG","street":"Lot 470, Jalan Besar","address":"","lat":null,"lng":null},{"storeNo":85267,"name":"PAPAR","postcode":"89600","suburb":"Papar","state":"SBH","street":"Lot 12,Ground Floor, Parklane City Benoni,Lot 12, Jalan Papar Benoni","address":"","lat":null,"lng":null},{"storeNo":85236,"name":"LIDO PLAZA","postcode":"88300","suburb":"Kota Kinabalu","state":"SBH","street":"Lot 1, Ground Floor, \r\nLido Plaza 2,  Jalan Nosoob Hungab, Kobusak, \r\n88300 Penampang, Sabah","address":"","lat":null,"lng":null},{"storeNo":85249,"name":"SANDAKAN","postcode":"90000","suburb":"Sandakan","state":"SBH","street":"Grd & 1st Floor Lot 48 Block F Utama Place 1 Mile 6 North Road","address":"","lat":null,"lng":null},{"storeNo":85099,"name":"ALOR SETAR","postcode":"5050","suburb":"Alor Setar","state":"KDH","street":"No 84 Kompleks Perniagaan Sultan Abdul Hamid Persiaran Sultan Abdul Hamid","address":"","lat":null,"lng":null},{"storeNo":85102,"name":"ALOR SETAR 2","postcode":"5150","suburb":"Alor Setar","state":"KDH","street":"213 (ABC) Medan Putra Seberang Jalan Putra","address":"","lat":null,"lng":null},{"storeNo":85097,"name":"JITRA","postcode":"6000","suburb":"Jitra","state":"KDH","street":"2-A Bandar Darulaman Jaya","address":"","lat":null,"lng":null},{"storeNo":85108,"name":"AMAN JAYA","postcode":"8000","suburb":"Sungai Petani","state":"KDH","street":"No 13 Jalan Jati 1\/1 Pusat Perniagaan Amanjaya","address":"","lat":null,"lng":null},{"storeNo":85275,"name":"PASIR PEKAN","postcode":"16250","suburb":"Wakaf Bharu","state":"KTN","street":"PT 2921, Jalan Putri, Bandar Baru Pasir Pekan","address":"","lat":null,"lng":null},{"storeNo":85115,"name":"KOTA BHARU","postcode":"15050","suburb":"Kota Bharu","state":"KTN","street":"PT 178-179 Tingkat Bawah Jalan Hamzah Seksyen 19","address":"","lat":null,"lng":null},{"storeNo":85124,"name":"KUBANG KERIAN","postcode":"16150","suburb":"Kota Bharu","state":"KTN","street":"No PT1678 Tingkat Bawah Jalan Raja Perempuan Zainab II Kubang Kerian","address":"","lat":null,"lng":null},{"storeNo":85154,"name":"PENGKALAN CHEPA","postcode":"16100","suburb":"Kota Bharu","state":"KTN","street":"PTT 155 Taman Bakti Seksyen 36 Jalan Pengkalan Chepa","address":"","lat":null,"lng":null},{"storeNo":85273,"name":"JELAWAT","postcode":"16070","suburb":"Bachok","state":"KTN","street":"PT 4503, Bandar Baru Jelawat","address":"","lat":null,"lng":null},{"storeNo":85233,"name":"RIVERSON","postcode":"88100","suburb":"Kota Kinabalu","state":"SBH","street":"B-G-1 B-G-2 B-G-3 Ground Floor Riverson Walk Lorong Riverson Sembulan","address":"","lat":null,"lng":null},{"storeNo":85225,"name":"BUNDUSAN","postcode":"88300","suburb":"Kota Kinabalu","state":"SBH","street":"Lot A 1-2 Block A T1 Bundusan Jalan Bundusan Penampang","address":"","lat":null,"lng":null},{"storeNo":85232,"name":"INANAM","postcode":"88450","suburb":"Kota Kinabalu","state":"SBH","street":"B-G-1 & B-1-1 & B-G-2 KK Taipan 28 Inanam Lorong Taipan 28\/2","address":"","lat":null,"lng":null},{"storeNo":85242,"name":"D SULAMAN","postcode":"88450","suburb":"Kota Kinabalu","state":"SBH","street":"Lot 3 Grd Floor Jalan Sulaman Wisma D'Sulaman","address":"","lat":null,"lng":null},{"storeNo":85246,"name":"TUARAN","postcode":"89150","suburb":"Tuaran","state":"SBH","street":"Lot 1 and 2 Ground Floor Block A Kampung Tutoh Plaza CKS","address":"","lat":null,"lng":null},{"storeNo":85103,"name":"KANGAR","postcode":"1000","suburb":"Kangar","state":"PLS","street":"No 311 (Ground Floor) Taman Pengkalan Assam Jalan Kangar Alor Setar","address":"","lat":null,"lng":null},{"storeNo":85227,"name":"ARAU","postcode":"2600","suburb":"Arau","state":"PLS","street":"14-1A No 2 Jalan Dua Kompleks Tok Arau","address":"","lat":null,"lng":null}]