[
  {
    "country": "MY",
    "chain": "Econsave",
    "brand_group": "Econsave",
    "name": "Econ2 Alma",
    "address": "PMT 2444, Jalan Bukit Minyak, Alma,14000 Bukit Mertajam, Pulau Pinang.",
    "operating_hours": "8am - 10pm",
    "phone": "019-3392667",
    "latitude": null,
    "longitude": null,
    "source": "https://econsave.com.my/econsave-locations/",
    "scraped_at": "2025-12-20T15:48:00.929893"
  },
  {
    "country": "MY",
    "chain": "Econsave",
    "brand_group": "Econsave",
    "name": "Econ2 Aulong",
    "address": "PT 9527, Jalan AU 1, 34000 Taiping, Negeri Perak",
    "operating_hours": "8am - 10pm",
    "phone": "016-2014238",
    "latitude": null,
    "longitude": null,
    "source": "https://econsave.com.my/econsave-locations/",
    "scraped_at": "2025-12-20T15:48:00.930123"
  },
  {
    "country": "MY",
    "chain": "Econsave",
    "brand_group": "Econsave",
    "name": "Econ2 Bakri",
    "address": "Lot 16815,Jalan Sentosa 2, Taman Jeram Sentosa, Muar, 84000 Johor Darul Takzim.",
    "operating_hours": "8am - 10pm",
    "phone": "06-9866977",
    "latitude": null,
    "longitude": null,
    "source": "https://econsave.com.my/econsave-locations/",
    "scraped_at": "2025-12-20T15:48:00.930296"
  },
  {
    "country": "MY",
    "chain": "Econsave",
    "brand_group": "Econsave",
    "name": "Econ2 Bandar Seri Botani",
    "address": "No. A-1, Medan Botani (Pusat Komersial Botani Village), Medan Botani 1A, Bandar Seri Botani, 31350 Ipoh, Perak",
    "operating_hours": "8am - 10pm",
    "phone": "016-2430180",
    "latitude": null,
    "longitude": null,
    "source": "https://econsave.com.my/econsave-locations/",
    "scraped_at": "2025-12-20T15:48:00.930463"
  },
  {
    "country": "MY",
    "chain": "Econsave",
    "brand_group": "Econsave",
    "name": "Econ2 Batu Berendam",
    "address": "Lot 3143, Jalan Angkasa Nuri, Off Taman Angkasa Nuri, Batu Berendam, 76100 Melaka.",
    "operating_hours": "8am - 10pm",
    "phone": "06-3368709",
    "latitude": null,
    "longitude": null,
    "source": "https://econsave.com.my/econsave-locations/",
    "scraped_at": "2025-12-20T15:48:00.930621"
  },
  {
    "country": "MY",
    "chain": "Econsave",
    "brand_group": "Econsave",
    "name": "Econ2 Bukit Gambir",
    "address": "PTD 14738, Pusat Komersial Gambir, Jalan Gambir 2, Bukit Gambir, 84800 Johor Darul Takzim.",
    "operating_hours": "8am - 10pm",
    "phone": "06-9765841",
    "latitude": null,
    "longitude": null,
    "source": "https://econsave.com.my/econsave-locations/",
    "scraped_at": "2025-12-20T15:48:00.930782"
  },
  {
    "country": "MY",
    "chain": "Econsave",
    "brand_group": "Econsave",
    "name": "Econ2 Daiman Jaya",
    "address": "Lot 37087, Taman Daiman Jaya, Kota Tinggi, 81900 Johor Darul Takzim.",
    "operating_hours": "8am - 10pm",
    "phone": "07-8828050",
    "latitude": null,
    "longitude": null,
    "source": "https://econsave.com.my/econsave-locations/",
    "scraped_at": "2025-12-20T15:48:00.930943"
  },
  {
    "country": "MY",
    "chain": "Econsave",
    "brand_group": "Econsave",
    "name": "Econ2 Forest Heights",
    "address": "Lot PT 20987 & PT 20988, Seremban Forest Height, Seremban, 70450 Negeri Sembilan.",
    "operating_hours": "8am - 10pm",
    "phone": "06-7611124",
    "latitude": null,
    "longitude": null,
    "source": "https://econsave.com.my/econsave-locations/",
    "scraped_at": "2025-12-20T15:48:00.931102"
  },
  {
    "country": "MY",
    "chain": "Econsave",
    "brand_group": "Econsave",
    "name": "Econ2 Hamzah Alang",
    "address": "Lot 6854 & 6855,Persiaran Hamzah Alang,42200 Kapar , Selangor Darul Ehsan",
    "operating_hours": "8am - 10pm",
    "phone": "03-3250 6910",
    "latitude": null,
    "longitude": null,
    "source": "https://econsave.com.my/econsave-locations/",
    "scraped_at": "2025-12-20T15:48:00.931260"
  },
  {
    "country": "MY",
    "chain": "Econsave",
    "brand_group": "Econsave",
    "name": "Econ2 Kampung Jawa",
    "address": "Lot 9900, Jalan Batu 4, Seksyen 36, Shah Alam, 40470 Selangor Darul Ehsan.",
    "operating_hours": "8am - 10pm",
    "phone": "03-51627053",
    "latitude": null,
    "longitude": null,
    "source": "https://econsave.com.my/econsave-locations/",
    "scraped_at": "2025-12-20T15:48:00.931417"
  },
  {
    "country": "MY",
    "chain": "Econsave",
    "brand_group": "Econsave",
    "name": "Econ2 Klang Parade",
    "address": "Unit B01, Basement Klang Parade,No.2112, KM2, Jalan Meru,41050 Klang, Selangor",
    "operating_hours": "10am - 10pm",
    "phone": "03-3341 8012",
    "latitude": null,
    "longitude": null,
    "source": "https://econsave.com.my/econsave-locations/",
    "scraped_at": "2025-12-20T15:48:00.931575"
  },
  {
    "country": "MY",
    "chain": "Econsave",
    "brand_group": "Econsave",
    "name": "Econ2 Klebang",
    "address": "No.6,Lengkok Klebang Putra, Pusat Perdagangan Klebang, 31200 Chemor, Perak",
    "operating_hours": "8am - 10pm",
    "phone": "05-8917831",
    "latitude": null,
    "longitude": null,
    "source": "https://econsave.com.my/econsave-locations/",
    "scraped_at": "2025-12-20T15:48:00.931731"
  },
  {
    "country": "MY",
    "chain": "Econsave",
    "brand_group": "Econsave",
    "name": "Econ2 Lukut",
    "address": "Lot 12532,Jalan Dataran Segar, Bandar Dataran Segar,Batu 3, Jalan Port Dickson, 71010 Port Dickson, Negeri Sembilan",
    "operating_hours": "8am - 10pm",
    "phone": "016-2134871",
    "latitude": null,
    "longitude": null,
    "source": "https://econsave.com.my/econsave-locations/",
    "scraped_at": "2025-12-20T15:48:00.931884"
  },
  {
    "country": "MY",
    "chain": "Econsave",
    "brand_group": "Econsave",
    "name": "Econ2 Pasir Puteh",
    "address": "Lot PT 2980, Jalan Pasir Putih Sentral 1, Pasir Puteh, 16800 Kelantan.",
    "operating_hours": "8am - 10pm",
    "phone": "09-7860860",
    "latitude": null,
    "longitude": null,
    "source": "https://econsave.com.my/econsave-locations/",
    "scraped_at": "2025-12-20T15:48:00.932044"
  },
  {
    "country": "MY",
    "chain": "Econsave",
    "brand_group": "Econsave",
    "name": "Econ2 Pekan Nenas",
    "address": "Lot 2665 & 2666, Mukim Jeram Batu, 81500 Pekan Nanas, Johor",
    "operating_hours": "8am - 10pm",
    "phone": "07-699 4992",
    "latitude": null,
    "longitude": null,
    "source": "https://econsave.com.my/econsave-locations/",
    "scraped_at": "2025-12-20T15:48:00.932200"
  },
  {
    "country": "MY",
    "chain": "Econsave",
    "brand_group": "Econsave",
    "name": "Econ2 Permas Jaya",
    "address": "Lot 385, 2112 & 2114, Jalan Permas Utara, Bandar Permas Jaya, 81750 Masai, Johor Bahru",
    "operating_hours": "8am - 10pm",
    "phone": "07-386 4913",
    "latitude": null,
    "longitude": null,
    "source": "https://econsave.com.my/econsave-locations/",
    "scraped_at": "2025-12-20T15:48:00.932352"
  },
  {
    "country": "MY",
    "chain": "Econsave",
    "brand_group": "Econsave",
    "name": "Econ2 Rinching",
    "address": "Lot 27105,Jalan 5/44,Seksyen 5, Bandar Rinching,43500 Semenyih, Selangor Darul Ehsan.",
    "operating_hours": "8am - 10pm",
    "phone": "012-3616044",
    "latitude": null,
    "longitude": null,
    "source": "https://econsave.com.my/econsave-locations/",
    "scraped_at": "2025-12-20T15:48:00.932508"
  },
  {
    "country": "MY",
    "chain": "Econsave",
    "brand_group": "Econsave",
    "name": "Econ2 Scott Garden",
    "address": "G-01-03,The Scott Garden, (Kompleks Rimbun,Scott), 289,Jalan Kelang Lama,58200 Kuala Lumpur",
    "operating_hours": "10am - 10pm",
    "phone": "03-7971 6841",
    "latitude": null,
    "longitude": null,
    "source": "https://econsave.com.my/econsave-locations/",
    "scraped_at": "2025-12-20T15:48:00.932664"
  },
  {
    "country": "MY",
    "chain": "Econsave",
    "brand_group": "Econsave",
    "name": "Econ2 Seri Iskandar",
    "address": "No.1,Persiaran Seri Iskandar Prima 1, Seri Iskandar Prima, 32600 Seri Iskandar, Perak Darul Ridzuan",
    "operating_hours": "8am - 10pm",
    "phone": "03-51618299",
    "latitude": null,
    "longitude": null,
    "source": "https://econsave.com.my/econsave-locations/",
    "scraped_at": "2025-12-20T15:48:00.932816"
  },
  {
    "country": "MY",
    "chain": "Econsave",
    "brand_group": "Econsave",
    "name": "Econ2 Simpang Rengam",
    "address": "Lot 1209, Jalan Air Hitam, Simpang Rengam, 86200 Johor Darul Takzim.",
    "operating_hours": "8am - 10pm",
    "phone": "07-7559343",
    "latitude": null,
    "longitude": null,
    "source": "https://econsave.com.my/econsave-locations/",
    "scraped_at": "2025-12-20T15:48:00.932968"
  },
  {
    "country": "MY",
    "chain": "Econsave",
    "brand_group": "Econsave",
    "name": "Econ2 Sungai Udang",
    "address": "No.29,Jalan Kerambit 3, Bandar Baru Sungai Udang, Sungai Udang, 76300 Melaka.",
    "operating_hours": "8am - 10pm",
    "phone": "06-3517703",
    "latitude": null,
    "longitude": null,
    "source": "https://econsave.com.my/econsave-locations/",
    "scraped_at": "2025-12-20T15:48:00.933123"
  },
  {
    "country": "MY",
    "chain": "Econsave",
    "brand_group": "Econsave",
    "name": "Econ2 Taman Teratai",
    "address": "PTD 43282, Jalan Enau 14, Taman Teratai, 81300 Skudai, Johor.",
    "operating_hours": "8am - 10pm",
    "phone": "016-2695972",
    "latitude": null,
    "longitude": null,
    "source": "https://econsave.com.my/econsave-locations/",
    "scraped_at": "2025-12-20T15:48:00.933275"
  },
  {
    "country": "MY",
    "chain": "Econsave",
    "brand_group": "Econsave",
    "name": "Econsave Alma",
    "address": "PMT 2444, Jalan Bukit Minyak, Alma, Bukit Mertajam, 14000 Pulau Pinang.",
    "operating_hours": "8am - 10pm",
    "phone": "04-548 5873 04-548 5874",
    "latitude": null,
    "longitude": null,
    "source": "https://econsave.com.my/econsave-locations/",
    "scraped_at": "2025-12-20T15:48:00.933428"
  },
  {
    "country": "MY",
    "chain": "Econsave",
    "brand_group": "Econsave",
    "name": "Econsave Ampang Baru",
    "address": "No. 2, Jalan Perniagaan Ampang 4, Pusat Perniagaan Ampang, Ipoh, 31350 Perak.",
    "operating_hours": "8am - 10pm",
    "phone": "05-3114164",
    "latitude": null,
    "longitude": null,
    "source": "https://econsave.com.my/econsave-locations/",
    "scraped_at": "2025-12-20T15:48:00.933579"
  },
  {
    "country": "MY",
    "chain": "Econsave",
    "brand_group": "Econsave",
    "name": "Econsave Angsana Mall Ipoh",
    "address": "Lot Tingkat Bawah & Tingkat Satu, Angsana Ipoh Mall, Jalan Hospital, 30450 Ipoh, Perak",
    "operating_hours": "9:30am - 10pm",
    "phone": "05-2460955",
    "latitude": null,
    "longitude": null,
    "source": "https://econsave.com.my/econsave-locations/",
    "scraped_at": "2025-12-20T15:48:00.933729"
  },
  {
    "country": "MY",
    "chain": "Econsave",
    "brand_group": "Econsave",
    "name": "Econsave Aulong",
    "address": "PT 9527, Jalan AU 1, 34000 Taiping, Negeri Perak",
    "operating_hours": "8am - 10pm",
    "phone": "05-805 3655 05-805 0161",
    "latitude": null,
    "longitude": null,
    "source": "https://econsave.com.my/econsave-locations/",
    "scraped_at": "2025-12-20T15:48:00.933881"
  },
  {
    "country": "MY",
    "chain": "Econsave",
    "brand_group": "Econsave",
    "name": "Econsave Ayer Hitam",
    "address": "Blok 28, Lebuhraya Thein Teik, Ayer Hitam, 11060 Pulau Pinang.",
    "operating_hours": "8am - 10pm",
    "phone": "04-827 9231 04-827 9232",
    "latitude": null,
    "longitude": null,
    "source": "https://econsave.com.my/econsave-locations/",
    "scraped_at": "2025-12-20T15:48:00.934037"
  },
  {
    "country": "MY",
    "chain": "Econsave",
    "brand_group": "Econsave",
    "name": "Econsave Bagan Serai",
    "address": "Lot 9855, Jalan Maharaja, Taman Bagan Serai, 34300 Bagan Serai, Negeri Perak",
    "operating_hours": "8am - 10pm",
    "phone": "05-7210355",
    "latitude": null,
    "longitude": null,
    "source": "https://econsave.com.my/econsave-locations/",
    "scraped_at": "2025-12-20T15:48:00.934192"
  },
  {
    "country": "MY",
    "chain": "Econsave",
    "brand_group": "Econsave",
    "name": "Econsave Bahau",
    "address": "No 18-26, Jalan Dato' Besar, Bahau, 72100 Negeri Sembilan.",
    "operating_hours": "8am - 10pm",
    "phone": "06-454 3494 06-454 3493",
    "latitude": null,
    "longitude": null,
    "source": "https://econsave.com.my/econsave-locations/",
    "scraped_at": "2025-12-20T15:48:00.934347"
  },
  {
    "country": "MY",
    "chain": "Econsave",
    "brand_group": "Econsave",
    "name": "Econsave Bakri",
    "address": "Lot 16815,Jalan Sentosa 2, Taman Jeram Sentosa, Muar, 84000 Johor Darul Takzim.",
    "operating_hours": "8am - 10pm",
    "phone": "06-986 6977 06-986 6978",
    "latitude": null,
    "longitude": null,
    "source": "https://econsave.com.my/econsave-locations/",
    "scraped_at": "2025-12-20T15:48:00.934501"
  },
  {
    "country": "MY",
    "chain": "Econsave",
    "brand_group": "Econsave",
    "name": "Econsave Balakong",
    "address": "Lot 2637, Jalan Balakong, Batu 11, Mukim Cheras, Cheras, 43200 Selangor Darul Ehsan.",
    "operating_hours": "8am - 10pm",
    "phone": "019-3389614\n\t              019-3389578",
    "latitude": null,
    "longitude": null,
    "source": "https://econsave.com.my/econsave-locations/",
    "scraped_at": "2025-12-20T15:48:00.934658"
  },
  {
    "country": "MY",
    "chain": "Econsave",
    "brand_group": "Econsave",
    "name": "Econsave Baling",
    "address": "Lot 3302, Kampung Batu, Pekan Pulai, 09100 Baling, Kedah",
    "operating_hours": "8am - 10pm",
    "phone": "",
    "latitude": null,
    "longitude": null,
    "source": "https://econsave.com.my/econsave-locations/",
    "scraped_at": "2025-12-20T15:48:00.934809"
  },
  {
    "country": "MY",
    "chain": "Econsave",
    "brand_group": "Econsave",
    "name": "Econsave Bandar Puteri Jaya",
    "address": "Lot PT 47155, Jalan Kuala Ketil, Bandar Puteri Jaya, Sungai Petani, 08000 Kedah Darul Aman.",
    "operating_hours": "8am - 10pm",
    "phone": "04-424 3241 04-424 3242",
    "latitude": null,
    "longitude": null,
    "source": "https://econsave.com.my/econsave-locations/",
    "scraped_at": "2025-12-20T15:48:00.934963"
  },
  {
    "country": "MY",
    "chain": "Econsave",
    "brand_group": "Econsave",
    "name": "Econsave Bandar Seri Botani",
    "address": "No. A-1, Medan Botani (Pusat Komersial Botani Village), Medan Botani 1A, Bandar Seri Botani, 31350 Ipoh, Perak",
    "operating_hours": "8am - 10pm",
    "phone": "05-3115459",
    "latitude": null,
    "longitude": null,
    "source": "https://econsave.com.my/econsave-locations/",
    "scraped_at": "2025-12-20T15:48:00.935114"
  },
  {
    "country": "MY",
    "chain": "Econsave",
    "brand_group": "Econsave",
    "name": "Econsave Bangi",
    "address": "PT64442, PT63029, PT63030-PT63051, Kajang, 43000 Selangor Darul Ehsan.",
    "operating_hours": "8am - 10pm",
    "phone": "03-8739 3568 03-8739 3569",
    "latitude": null,
    "longitude": null,
    "source": "https://econsave.com.my/econsave-locations/",
    "scraped_at": "2025-12-20T15:48:00.935267"
  },
  {
    "country": "MY",
    "chain": "Econsave",
    "brand_group": "Econsave",
    "name": "Econsave Banting",
    "address": "Lot 2-14, Jalan Suasa, Kawasan Perindustrian PKNS, Banting, 42700 Selangor Darul Ehsan.",
    "operating_hours": "8am - 10pm",
    "phone": "03-31816934",
    "latitude": null,
    "longitude": null,
    "source": "https://econsave.com.my/econsave-locations/",
    "scraped_at": "2025-12-20T15:48:00.935421"
  },
  {
    "country": "MY",
    "chain": "Econsave",
    "brand_group": "Econsave",
    "name": "Econsave Batang Kali",
    "address": "No 1, Lot PT 6903, Jalan Mahagoni 8, Bandar Utama, Batang Kali, 44300 Selangor Darul Ehsan.",
    "operating_hours": "8am - 10pm",
    "phone": "03-6057 9361 03-6057 9362",
    "latitude": null,
    "longitude": null,
    "source": "https://econsave.com.my/econsave-locations/",
    "scraped_at": "2025-12-20T15:48:00.935572"
  },
  {
    "country": "MY",
    "chain": "Econsave",
    "brand_group": "Econsave",
    "name": "Econsave Batu Berendam",
    "address": "Lot 3143, Jalan Angkasa Nuri, Off Taman Angkasa Nuri, Batu Berendam, 76100 Melaka.",
    "operating_hours": "8am - 10pm",
    "phone": "06-336 8709 06-336 8710",
    "latitude": null,
    "longitude": null,
    "source": "https://econsave.com.my/econsave-locations/",
    "scraped_at": "2025-12-20T15:48:00.935725"
  },
  {
    "country": "MY",
    "chain": "Econsave",
    "brand_group": "Econsave",
    "name": "Econsave Bercham",
    "address": "Plot No 1 & 2, Taman Seri Bercham, Off Jalan Bercham, Ipoh, 31400 Perak.",
    "operating_hours": "8am - 10pm",
    "phone": "05-536 2811 05-536 2813",
    "latitude": null,
    "longitude": null,
    "source": "https://econsave.com.my/econsave-locations/",
    "scraped_at": "2025-12-20T15:48:00.935876"
  },
  {
    "country": "MY",
    "chain": "Econsave",
    "brand_group": "Econsave",
    "name": "Econsave Bintangor",
    "address": "Binatang Lease 47166, Lot 978(New Lots 1170-1175), Jalan Court, Bintangor, 96500 Sarawak.",
    "operating_hours": "8am - 9pm",
    "phone": "084-691 129 084-691 139",
    "latitude": null,
    "longitude": null,
    "source": "https://econsave.com.my/econsave-locations/",
    "scraped_at": "2025-12-20T15:48:00.936028"
  },
  {
    "country": "MY",
    "chain": "Econsave",
    "brand_group": "Econsave",
    "name": "Econsave Bintulu",
    "address": "Lot 4173, Econsave Hypermarket, Bintulu Paragon,No. 1, Bintulu, 97000 Sarawak.",
    "operating_hours": "8.30am - 9pm",
    "phone": "086-344 971 086-344 972",
    "latitude": null,
    "longitude": null,
    "source": "https://econsave.com.my/econsave-locations/",
    "scraped_at": "2025-12-20T15:48:00.936184"
  },
  {
    "country": "MY",
    "chain": "Econsave",
    "brand_group": "Econsave",
    "name": "Econsave Bukit Gambir",
    "address": "PTD 14738, Pusat Komersial Gambir, Jalan Gambir 2, Bukit Gambir, 84800 Johor Darul Takzim.",
    "operating_hours": "8am - 10pm",
    "phone": "06-976 5841 06-976 5842",
    "latitude": null,
    "longitude": null,
    "source": "https://econsave.com.my/econsave-locations/",
    "scraped_at": "2025-12-20T15:48:00.936342"
  },
  {
    "country": "MY",
    "chain": "Econsave",
    "brand_group": "Econsave",
    "name": "Econsave Bukit Kemuning",
    "address": "No 2, PT 45233, Jalan Sungai Keranji M32/M, Shah Alam, 40460 Selangor Darul Ehsan.",
    "operating_hours": "8am - 10pm",
    "phone": "019-3380490",
    "latitude": null,
    "longitude": null,
    "source": "https://econsave.com.my/econsave-locations/",
    "scraped_at": "2025-12-20T15:48:00.936495"
  },
  {
    "country": "MY",
    "chain": "Econsave",
    "brand_group": "Econsave",
    "name": "Econsave Butterworth",
    "address": "Lot 2446,2447&2453, Section 4, Jalan Chain Ferry, Butterworth, 12700 Pulau Pinang.",
    "operating_hours": "8am - 10pm",
    "phone": "04-331 4136 04-331 4135",
    "latitude": null,
    "longitude": null,
    "source": "https://econsave.com.my/econsave-locations/",
    "scraped_at": "2025-12-20T15:48:00.936650"
  },
  {
    "country": "MY",
    "chain": "Econsave",
    "brand_group": "Econsave",
    "name": "Econsave Chemor",
    "address": "PT 264296, Jalan Jelapang-Chemor, 31200 Chemor, Perak",
    "operating_hours": "8am - 10pm",
    "phone": "016-2014238",
    "latitude": null,
    "longitude": null,
    "source": "https://econsave.com.my/econsave-locations/",
    "scraped_at": "2025-12-20T15:48:00.936802"
  },
  {
    "country": "MY",
    "chain": "Econsave",
    "brand_group": "Econsave",
    "name": "Econsave Daiman Jaya",
    "address": "Lot 37087, Taman Daiman Jaya, Kota Tinggi, 81900 Johor Darul Takzim.",
    "operating_hours": "8am - 10pm",
    "phone": "07-8828051",
    "latitude": null,
    "longitude": null,
    "source": "https://econsave.com.my/econsave-locations/",
    "scraped_at": "2025-12-20T15:48:00.936955"
  },
  {
    "country": "MY",
    "chain": "Econsave",
    "brand_group": "Econsave",
    "name": "Econsave Damansara Damai",
    "address": "One Damasara, Jalan PJU 10/1,Damansara Damai, Petaling Jaya, 47830 Selangor Darul Ehsan.",
    "operating_hours": "8am - 10pm",
    "phone": "03-6157 8611 03-6157 8612",
    "latitude": null,
    "longitude": null,
    "source": "https://econsave.com.my/econsave-locations/",
    "scraped_at": "2025-12-20T15:48:00.937109"
  },
  {
    "country": "MY",
    "chain": "Econsave",
    "brand_group": "Econsave",
    "name": "Econsave Desa Cemerlang",
    "address": "Lot PTD 60190, Taman Desa Cemerlang, Ulu Tiram, 81800 Johor Darul Takzim.",
    "operating_hours": "8am - 10pm",
    "phone": "07-863 0531 07-863 0532",
    "latitude": null,
    "longitude": null,
    "source": "https://econsave.com.my/econsave-locations/",
    "scraped_at": "2025-12-20T15:48:00.937261"
  },
  {
    "country": "MY",
    "chain": "Econsave",
    "brand_group": "Econsave",
    "name": "Econsave Forest Heights",
    "address": "Lot PT 20987 & PT 20988, Seremban Forest Height, Seremban, 70450 Negeri Sembilan.",
    "operating_hours": "8am - 10pm",
    "phone": "06-761 1125 06-761 1124",
    "latitude": null,
    "longitude": null,
    "source": "https://econsave.com.my/econsave-locations/",
    "scraped_at": "2025-12-20T15:48:00.937414"
  },
  {
    "country": "MY",
    "chain": "Econsave",
    "brand_group": "Econsave",
    "name": "Econsave Gemas",
    "address": "PT 4953, Lot 2127, Jalan Tampin Gemas, 73400 Gemas, Negeri Sembilan",
    "operating_hours": "8am - 10pm",
    "phone": "‎",
    "latitude": null,
    "longitude": null,
    "source": "https://econsave.com.my/econsave-locations/",
    "scraped_at": "2025-12-20T15:48:00.937592"
  },
  {
    "country": "MY",
    "chain": "Econsave",
    "brand_group": "Econsave",
    "name": "Econsave Gerik",
    "address": "No. 30-39, Jalan Toh Shahbandar Ulu, Pekan Gerik, 33300 Gerik, Perak",
    "operating_hours": "8am - 10pm",
    "phone": "‎",
    "latitude": null,
    "longitude": null,
    "source": "https://econsave.com.my/econsave-locations/",
    "scraped_at": "2025-12-20T15:48:00.937749"
  },
  {
    "country": "MY",
    "chain": "Econsave",
    "brand_group": "Econsave",
    "name": "Econsave Gua Musang",
    "address": "Lot 6849, Mukim Bandar Gua Musang, Daerah Galas, 18300 Gua Musang, Kelantan.",
    "operating_hours": "8am - 10pm",
    "phone": "‎",
    "latitude": null,
    "longitude": null,
    "source": "https://econsave.com.my/econsave-locations/",
    "scraped_at": "2025-12-20T15:48:00.937903"
  },
  {
    "country": "MY",
    "chain": "Econsave",
    "brand_group": "Econsave",
    "name": "Econsave Hamzah Alang",
    "address": "Lot 6854&6855, Persiaran Hamzah Alang, Kapar, 42200 Selangor Darul Ehsan.",
    "operating_hours": "8am - 10pm",
    "phone": "03-3250 6910 03-3250 6911",
    "latitude": null,
    "longitude": null,
    "source": "https://econsave.com.my/econsave-locations/",
    "scraped_at": "2025-12-20T15:48:00.938058"
  },
  {
    "country": "MY",
    "chain": "Econsave",
    "brand_group": "Econsave",
    "name": "Econsave Hutan Melintang",
    "address": "Lot 15362, Lorong Lagenda 8, Section Medan Niaga Lagenda, 36400 Hutan Melintang, Perak",
    "operating_hours": "8am - 10pm",
    "phone": "‎",
    "latitude": null,
    "longitude": null,
    "source": "https://econsave.com.my/econsave-locations/",
    "scraped_at": "2025-12-20T15:48:00.938213"
  },
  {
    "country": "MY",
    "chain": "Econsave",
    "brand_group": "Econsave",
    "name": "Econsave Jawi",
    "address": "Lot 326, Mukim 7, Seberang Perai Selatan, Butterworth, 14300 Pulau Pinang.",
    "operating_hours": "8am - 10pm",
    "phone": "04-5821562",
    "latitude": null,
    "longitude": null,
    "source": "https://econsave.com.my/econsave-locations/",
    "scraped_at": "2025-12-20T15:48:00.938366"
  },
  {
    "country": "MY",
    "chain": "Econsave",
    "brand_group": "Econsave",
    "name": "Econsave Jelapang",
    "address": "No.2.Jalan Jelapang 1, Pusat Komersial Jelapang, Ipoh, 30020 Perak.",
    "operating_hours": "8am - 10pm",
    "phone": "05-525 0450 05-525 0451",
    "latitude": null,
    "longitude": null,
    "source": "https://econsave.com.my/econsave-locations/",
    "scraped_at": "2025-12-20T15:48:00.938519"
  },
  {
    "country": "MY",
    "chain": "Econsave",
    "brand_group": "Econsave",
    "name": "Econsave Jengka",
    "address": "No.1, Jalan BDJS 2, Blok Dagangan Jengka Sejahtera, Bandar Tun Abdul Razak, Jengka, 26400 Pahang.",
    "operating_hours": "8am - 10pm",
    "phone": "09-467 4661 09-467 4662",
    "latitude": null,
    "longitude": null,
    "source": "https://econsave.com.my/econsave-locations/",
    "scraped_at": "2025-12-20T15:48:00.938672"
  },
  {
    "country": "MY",
    "chain": "Econsave",
    "brand_group": "Econsave",
    "name": "Econsave Jenjarom",
    "address": "No.1(Econsave), Jalan Utama 2, Taman Seri Jaromas, Sungai Jarum, 42600 Selangor Darul Ehsan.",
    "operating_hours": "8am - 10pm",
    "phone": "03-31917613",
    "latitude": null,
    "longitude": null,
    "source": "https://econsave.com.my/econsave-locations/",
    "scraped_at": "2025-12-20T15:48:00.938824"
  },
  {
    "country": "MY",
    "chain": "Econsave",
    "brand_group": "Econsave",
    "name": "Econsave Jeram",
    "address": "No.1,3,5,7,9&11, Jalan Dato Tan Teng Kuay 2, Jeram, 45800 Selangor Darul Ehsan.",
    "operating_hours": "8am - 10pm",
    "phone": "03-3264 6588 03-3264 6589",
    "latitude": null,
    "longitude": null,
    "source": "https://econsave.com.my/econsave-locations/",
    "scraped_at": "2025-12-20T15:48:00.938977"
  },
  {
    "country": "MY",
    "chain": "Econsave",
    "brand_group": "Econsave",
    "name": "Econsave Jerantut",
    "address": "Lot 7566-7569, Sepanjang Jalan Kuantan, Jalan Kuantan, 27000 Jerantut, Pahang",
    "operating_hours": "9.30am - 10pm",
    "phone": "09-267 3977 09-267 3328",
    "latitude": null,
    "longitude": null,
    "source": "https://econsave.com.my/econsave-locations/",
    "scraped_at": "2025-12-20T15:48:00.939128"
  },
  {
    "country": "MY",
    "chain": "Econsave",
    "brand_group": "Econsave",
    "name": "Econsave Kampar",
    "address": "Lot 312205, Jalan Batu Karang, Taman Bandar Baru, Kampar, 31900 Perak.",
    "operating_hours": "8am - 10pm",
    "phone": "05-4670011",
    "latitude": null,
    "longitude": null,
    "source": "https://econsave.com.my/econsave-locations/",
    "scraped_at": "2025-12-20T15:48:00.939285"
  },
  {
    "country": "MY",
    "chain": "Econsave",
    "brand_group": "Econsave",
    "name": "Econsave Kampung Baru Subang",
    "address": "Lot 3761,Jalan 2D, Kampung Baru Subang, Shah Alam, 40160 Selangor Darul Ehsan.",
    "operating_hours": "8am - 10pm",
    "phone": "03-78468236",
    "latitude": null,
    "longitude": null,
    "source": "https://econsave.com.my/econsave-locations/",
    "scraped_at": "2025-12-20T15:48:00.939439"
  },
  {
    "country": "MY",
    "chain": "Econsave",
    "brand_group": "Econsave",
    "name": "Econsave Kampung Jawa",
    "address": "Lot 9900, Jalan Batu 4, Seksyen 36, Shah Alam, 40470 Selangor Darul Ehsan.",
    "operating_hours": "8am - 10pm",
    "phone": "03-51627053",
    "latitude": null,
    "longitude": null,
    "source": "https://econsave.com.my/econsave-locations/",
    "scraped_at": "2025-12-20T15:48:00.939590"
  },
  {
    "country": "MY",
    "chain": "Econsave",
    "brand_group": "Econsave",
    "name": "Econsave Kamunting",
    "address": "Lot 5830, Jalan Perusahaan Satu, Kawasan Perindustrian Kamunting, Kamunting, 30020 Perak.",
    "operating_hours": "8am - 10pm",
    "phone": "05-8917831",
    "latitude": null,
    "longitude": null,
    "source": "https://econsave.com.my/econsave-locations/",
    "scraped_at": "2025-12-20T15:48:00.939740"
  },
  {
    "country": "MY",
    "chain": "Econsave",
    "brand_group": "Econsave",
    "name": "Econsave Kapar",
    "address": "14-22 Jalan Raja Mokhtar 4, Pekan Kapar, Kapar, 42200 Selangor Darul Ehsan.",
    "operating_hours": "8am - 10pm",
    "phone": "03-3250 0046 03-3250 1046",
    "latitude": null,
    "longitude": null,
    "source": "https://econsave.com.my/econsave-locations/",
    "scraped_at": "2025-12-20T15:48:00.939893"
  },
  {
    "country": "MY",
    "chain": "Econsave",
    "brand_group": "Econsave",
    "name": "Econsave Kidurong Central",
    "address": "Kidurong Central, Sublot 53 Of Parent Lot 1847, Block 26,Kemena Land District, Jalan Tg.Kidurong, 97000 Bintulu, Sarawak",
    "operating_hours": "8am - 9pm",
    "phone": "019-276 5377 016-211 4104",
    "latitude": null,
    "longitude": null,
    "source": "https://econsave.com.my/econsave-locations/",
    "scraped_at": "2025-12-20T15:48:00.940045"
  },
  {
    "country": "MY",
    "chain": "Econsave",
    "brand_group": "Econsave",
    "name": "Econsave Kip Mall Kota Warisan",
    "address": "G21 & M19,Kipmall Kota Warisan, KIP Sentral,Kota Warisan, Sepang, 43900 Selangor Darul Ehsan.",
    "operating_hours": "10am - 10pm",
    "phone": "03-8705 4732 03-8705 3652",
    "latitude": null,
    "longitude": null,
    "source": "https://econsave.com.my/econsave-locations/",
    "scraped_at": "2025-12-20T15:48:00.940196"
  },
  {
    "country": "MY",
    "chain": "Econsave",
    "brand_group": "Econsave",
    "name": "Econsave Kipmall Desa Coalfields",
    "address": "Lot No.LG01 (Kipmall Desa Coalfields), PT 10629,Jalan DC 4/5,Desa Coalfields,47000 Sungai Buloh, Selangor Darul Ehsan",
    "operating_hours": "10am - 10pm",
    "phone": "016-2181794 016-2106562",
    "latitude": null,
    "longitude": null,
    "source": "https://econsave.com.my/econsave-locations/",
    "scraped_at": "2025-12-20T15:48:00.940349"
  },
  {
    "country": "MY",
    "chain": "Econsave",
    "brand_group": "Econsave",
    "name": "Econsave Klang Parade",
    "address": "Unit B01, Basement Klang Parade, No.2112, KM2, Jalan Meru, Klang, 41050 Selangor Darul Ehsan.",
    "operating_hours": "10am - 10pm.",
    "phone": "03-3341 8012 03-3341 8013",
    "latitude": null,
    "longitude": null,
    "source": "https://econsave.com.my/econsave-locations/",
    "scraped_at": "2025-12-20T15:48:00.940509"
  },
  {
    "country": "MY",
    "chain": "Econsave",
    "brand_group": "Econsave",
    "name": "Econsave Klang Utama",
    "address": "35, Lorong Sungai Keramat 10e, Taman Klang Utama, Taman Klang Utama, Klang, 42100 Selangor Darul Ehsan.",
    "operating_hours": "8am - 10pm",
    "phone": "03-3290 7801 03-3290 7802",
    "latitude": null,
    "longitude": null,
    "source": "https://econsave.com.my/econsave-locations/",
    "scraped_at": "2025-12-20T15:48:00.940740"
  },
  {
    "country": "MY",
    "chain": "Econsave",
    "brand_group": "Econsave",
    "name": "Econsave Klebang",
    "address": "No.6, Lengkok Klebang Putra, Pusat Perdagangan Klebang, Chemor, 31200 Perak.",
    "operating_hours": "8am - 10pm",
    "phone": "05-292 1008 05-292 1009",
    "latitude": null,
    "longitude": null,
    "source": "https://econsave.com.my/econsave-locations/",
    "scraped_at": "2025-12-20T15:48:00.940934"
  },
  {
    "country": "MY",
    "chain": "Econsave",
    "brand_group": "Econsave",
    "name": "Econsave Kluang",
    "address": "Lot 1307&1308, Jalan Mersing Kluang, Kluang, 86000 Johor Darul Takzim.",
    "operating_hours": "8am - 10pm",
    "phone": "07-771 3056 07-771 3057",
    "latitude": null,
    "longitude": null,
    "source": "https://econsave.com.my/econsave-locations/",
    "scraped_at": "2025-12-20T15:48:00.941095"
  },
  {
    "country": "MY",
    "chain": "Econsave",
    "brand_group": "Econsave",
    "name": "Econsave Kuala Selangor",
    "address": "Lot 766, Jalan Bernam, Pasir Penambang, 45000 Kuala Selangor, Selangor",
    "operating_hours": "8am - 10pm",
    "phone": "‎",
    "latitude": null,
    "longitude": null,
    "source": "https://econsave.com.my/econsave-locations/",
    "scraped_at": "2025-12-20T15:48:00.941417"
  },
  {
    "country": "MY",
    "chain": "Econsave",
    "brand_group": "Econsave",
    "name": "Econsave Kuala Terengganu",
    "address": "Lot 4061, PN 2627, Kompleks, Taman Selera Tanjung, 20200 Kuala Terengganu, Terengganu",
    "operating_hours": "8am - 10pm",
    "phone": "",
    "latitude": null,
    "longitude": null,
    "source": "https://econsave.com.my/econsave-locations/",
    "scraped_at": "2025-12-20T15:48:00.941584"
  },
  {
    "country": "MY",
    "chain": "Econsave",
    "brand_group": "Econsave",
    "name": "Econsave Kubang Kerian",
    "address": "Lot PT 1640 & PT 1685, Seksyen 54, Jalan Raja Perempuan Zainab II, Mukim Kenali,Kubang Kerian, 16150 Kota Bharu, Kelantan.",
    "operating_hours": "8am - 10pm",
    "phone": "09-7642618",
    "latitude": null,
    "longitude": null,
    "source": "https://econsave.com.my/econsave-locations/",
    "scraped_at": "2025-12-20T15:48:00.941752"
  },
  {
    "country": "MY",
    "chain": "Econsave",
    "brand_group": "Econsave",
    "name": "Econsave Kuching",
    "address": "Lot 20023 (Phase 2) Block 11, Muara Tebas Land District, Jalan Stutong Baru, Kuching, 93350 Sarawak.",
    "operating_hours": "9am - 10pm",
    "phone": "082-555 664 082-555 574",
    "latitude": null,
    "longitude": null,
    "source": "https://econsave.com.my/econsave-locations/",
    "scraped_at": "2025-12-20T15:48:00.941912"
  },
  {
    "country": "MY",
    "chain": "Econsave",
    "brand_group": "Econsave",
    "name": "Econsave Lahad Datu",
    "address": "Lot S1,Second Floor, Darvel Bay Plaza, 91100 Lahad Datu, Sabah.",
    "operating_hours": "9am - 9:30pm",
    "phone": "089-868 720 089-868 721",
    "latitude": null,
    "longitude": null,
    "source": "https://econsave.com.my/econsave-locations/",
    "scraped_at": "2025-12-20T15:48:00.942079"
  },
  {
    "country": "MY",
    "chain": "Econsave",
    "brand_group": "Econsave",
    "name": "Econsave Lahad Datu 2",
    "address": "MDLD 10895,Lorong Renofajar 2, First Palm City Centre, Jalan Pantai, 91100 Lahad Datu, Sabah",
    "operating_hours": "8:30am - 9:30pm",
    "phone": "089-862 867 089-863 432",
    "latitude": null,
    "longitude": null,
    "source": "https://econsave.com.my/econsave-locations/",
    "scraped_at": "2025-12-20T15:48:00.942240"
  },
  {
    "country": "MY",
    "chain": "Econsave",
    "brand_group": "Econsave",
    "name": "Econsave Langkap",
    "address": "1A-11A, Jalan Chui Chak, Taman Sri Langkap, Langkap, 36700 Perak.",
    "operating_hours": "8am - 10pm",
    "phone": "05-6594866",
    "latitude": null,
    "longitude": null,
    "source": "https://econsave.com.my/econsave-locations/",
    "scraped_at": "2025-12-20T15:48:00.942398"
  },
  {
    "country": "MY",
    "chain": "Econsave",
    "brand_group": "Econsave",
    "name": "Econsave Lenggong",
    "address": "No. 1, Jalan L/8 Utama, Pusat Perniagaan Lenggong, 8, Kampung Bukit Jerlun, 33400 Lenggong, Perak",
    "operating_hours": "8am - 10pm",
    "phone": "05-7677022",
    "latitude": null,
    "longitude": null,
    "source": "https://econsave.com.my/econsave-locations/",
    "scraped_at": "2025-12-20T15:48:00.942559"
  },
  {
    "country": "MY",
    "chain": "Econsave",
    "brand_group": "Econsave",
    "name": "Econsave Lukut",
    "address": "Lot 12532,Jalan Dataran Segar, Bandar Dataran Segar,Batu 3, Jalan Port Dickson, 71010 Port Dickson, Negeri Sembilan",
    "operating_hours": "8am - 10pm",
    "phone": "06-6514107 019-3381563",
    "latitude": null,
    "longitude": null,
    "source": "https://econsave.com.my/econsave-locations/",
    "scraped_at": "2025-12-20T15:48:00.942717"
  },
  {
    "country": "MY",
    "chain": "Econsave",
    "brand_group": "Econsave",
    "name": "Econsave Malim",
    "address": "1-15, Jalan Ppm 3, Plaza Pandan Malim, 75250 Melaka",
    "operating_hours": "8am - 10pm",
    "phone": "06-335 3833 06-336 5833",
    "latitude": null,
    "longitude": null,
    "source": "https://econsave.com.my/econsave-locations/",
    "scraped_at": "2025-12-20T15:48:00.942872"
  },
  {
    "country": "MY",
    "chain": "Econsave",
    "brand_group": "Econsave",
    "name": "Econsave Manjung",
    "address": "PT 28925, Medan Sejahtera, 32000 Sitiawan, Perak.",
    "operating_hours": "8am - 10pm",
    "phone": "05-692 7855",
    "latitude": null,
    "longitude": null,
    "source": "https://econsave.com.my/econsave-locations/",
    "scraped_at": "2025-12-20T15:48:00.943031"
  },
  {
    "country": "MY",
    "chain": "Econsave",
    "brand_group": "Econsave",
    "name": "Econsave Miri",
    "address": "Parcel G28B, Level 1, MYY Mall, Lot 992, Jalan Lutong-Kuala Baram, Miri, 98100 Sarawak.",
    "operating_hours": "8.30am - 9pm",
    "phone": "085-664 348 085-664 349",
    "latitude": null,
    "longitude": null,
    "source": "https://econsave.com.my/econsave-locations/",
    "scraped_at": "2025-12-20T15:48:00.943198"
  },
  {
    "country": "MY",
    "chain": "Econsave",
    "brand_group": "Econsave",
    "name": "Econsave Muar",
    "address": "Lot 2459, Jalan Haji Jaib, Mukim Jalan Bakri, Muar, 84000 Johor Darul Takzim.",
    "operating_hours": "8am - 10pm",
    "phone": "06-954 6530 06-954 6531",
    "latitude": null,
    "longitude": null,
    "source": "https://econsave.com.my/econsave-locations/",
    "scraped_at": "2025-12-20T15:48:00.943353"
  },
  {
    "country": "MY",
    "chain": "Econsave",
    "brand_group": "Econsave",
    "name": "Econsave Nilai",
    "address": "No. 12-18, Jalan Terminal 1, Nilai Sentral, 71800 Nilai, Negeri Sembilan.",
    "operating_hours": "8am - 10pm",
    "phone": "‎",
    "latitude": null,
    "longitude": null,
    "source": "https://econsave.com.my/econsave-locations/",
    "scraped_at": "2025-12-20T15:48:00.943510"
  },
  {
    "country": "MY",
    "chain": "Econsave",
    "brand_group": "Econsave",
    "name": "Econsave Pandamaran",
    "address": "Lot 218 & 219, Jalan Banting KS/05, Pandamaran, Taman Perindustrian Sobena Jaya Pelabuhan Klang, 42000 Klang, Selangor",
    "operating_hours": "8am - 10:30pm",
    "phone": "03-31627134",
    "latitude": null,
    "longitude": null,
    "source": "https://econsave.com.my/econsave-locations/",
    "scraped_at": "2025-12-20T15:48:00.943665"
  },
  {
    "country": "MY",
    "chain": "Econsave",
    "brand_group": "Econsave",
    "name": "Econsave Parit Buntar",
    "address": "Lot PT 140, Jalan Perusahaan 1, Kawasan Perindustrian Simpang 5, Parit Buntar, 34200 Perak.",
    "operating_hours": "8am - 10pm",
    "phone": "05-716 5434 05-716 6433",
    "latitude": null,
    "longitude": null,
    "source": "https://econsave.com.my/econsave-locations/",
    "scraped_at": "2025-12-20T15:48:00.943821"
  },
  {
    "country": "MY",
    "chain": "Econsave",
    "brand_group": "Econsave",
    "name": "Econsave Pasir Gudang",
    "address": "No.2, Jalan Rusa, Taman Scientex, Pasir Gudang, 81700 Johor Darul Takzim.",
    "operating_hours": "8am - 10pm",
    "phone": "07-2891562",
    "latitude": null,
    "longitude": null,
    "source": "https://econsave.com.my/econsave-locations/",
    "scraped_at": "2025-12-20T15:48:00.943977"
  },
  {
    "country": "MY",
    "chain": "Econsave",
    "brand_group": "Econsave",
    "name": "Econsave Pasir Puteh",
    "address": "Lot PT 2980, Jalan Pasir Putih Sentral 1, Pasir Puteh, 16800 Kelantan.",
    "operating_hours": "8am - 10pm",
    "phone": "09-786 0860 09-786 0861",
    "latitude": null,
    "longitude": null,
    "source": "https://econsave.com.my/econsave-locations/",
    "scraped_at": "2025-12-20T15:48:00.944135"
  },
  {
    "country": "MY",
    "chain": "Econsave",
    "brand_group": "Econsave",
    "name": "Econsave Pearl Point Shopping Mall",
    "address": "Lot 1.049, Tingkat Bawah dan Dua, Pearl Point Shopping Mall, 58000 Kuala Lumpur.",
    "operating_hours": "9am - 10.30pm",
    "phone": "019-338 3466",
    "latitude": null,
    "longitude": null,
    "source": "https://econsave.com.my/econsave-locations/",
    "scraped_at": "2025-12-20T15:48:00.944292"
  },
  {
    "country": "MY",
    "chain": "Econsave",
    "brand_group": "Econsave",
    "name": "Econsave Pekan Nanas",
    "address": "Lot 2665 & 2666, Mukim Jeram Batu, Pekan Nanas, 81500 Johor Darul Takzim.",
    "operating_hours": "8am - 10pm",
    "phone": "07-699 4992",
    "latitude": null,
    "longitude": null,
    "source": "https://econsave.com.my/econsave-locations/",
    "scraped_at": "2025-12-20T15:48:00.944449"
  },
  {
    "country": "MY",
    "chain": "Econsave",
    "brand_group": "Econsave",
    "name": "Econsave Permas Jaya",
    "address": "Lot 385, 2112&2114, Jalan Permas Utara 1, Masai, 81750 Johor Darul Takzim.",
    "operating_hours": "8am - 10pm",
    "phone": "07-3864914",
    "latitude": null,
    "longitude": null,
    "source": "https://econsave.com.my/econsave-locations/",
    "scraped_at": "2025-12-20T15:48:00.944603"
  },
  {
    "country": "MY",
    "chain": "Econsave",
    "brand_group": "Econsave",
    "name": "Econsave Pokok Sena",
    "address": "No.33, Kompleks Perniagaan Sena Sentral, Bandar Pokok Sena, Pokok Sena, 06400 Kedah Darul Aman.",
    "operating_hours": "8am - 10pm",
    "phone": "04-782 3100 04-782 3102",
    "latitude": null,
    "longitude": null,
    "source": "https://econsave.com.my/econsave-locations/",
    "scraped_at": "2025-12-20T15:48:00.944760"
  },
  {
    "country": "MY",
    "chain": "Econsave",
    "brand_group": "Econsave",
    "name": "Econsave Pontian",
    "address": "No.23, Jalan Kota Emas Dua, Off Taman Kota Emas, Pontian Kechil, 82000 Johor Darul Takzim.",
    "operating_hours": "8am - 10pm",
    "phone": "07-6863533",
    "latitude": null,
    "longitude": null,
    "source": "https://econsave.com.my/econsave-locations/",
    "scraped_at": "2025-12-20T15:48:00.944916"
  },
  {
    "country": "MY",
    "chain": "Econsave",
    "brand_group": "Econsave",
    "name": "Econsave Port Dickson",
    "address": "Lot 575, Jalan Port Dickson Bypass, 71009 Port Dickson, Negeri Sembilan",
    "operating_hours": "8am - 10pm",
    "phone": "016-213 4871",
    "latitude": null,
    "longitude": null,
    "source": "https://econsave.com.my/econsave-locations/",
    "scraped_at": "2025-12-20T15:48:00.945075"
  },
  {
    "country": "MY",
    "chain": "Econsave",
    "brand_group": "Econsave",
    "name": "Econsave Puncak Alam",
    "address": "Lot PT 15792 Mukim Ijok, Bandar Puncak Alam, 42300 Selangor Darul Ehsan.",
    "operating_hours": "8am - 10pm",
    "phone": "03-60388819 03-60388820",
    "latitude": null,
    "longitude": null,
    "source": "https://econsave.com.my/econsave-locations/",
    "scraped_at": "2025-12-20T15:48:00.945236"
  },
  {
    "country": "MY",
    "chain": "Econsave",
    "brand_group": "Econsave",
    "name": "Econsave Raja Uda",
    "address": "No.1,Lorong Teras Jaya 6, Kaw Perniagaan Teras Jaya, Butterworth, 13400 Pulau Pinang.",
    "operating_hours": "8am - 10pm",
    "phone": "04-3247013",
    "latitude": null,
    "longitude": null,
    "source": "https://econsave.com.my/econsave-locations/",
    "scraped_at": "2025-12-20T15:48:00.945394"
  },
  {
    "country": "MY",
    "chain": "Econsave",
    "brand_group": "Econsave",
    "name": "Econsave Rinching",
    "address": "PT 27734, Jalan 5/5, Bandar Rinching, Semenyih, Selangor Darul Ehsan, 43500",
    "operating_hours": "8am - 10pm",
    "phone": "03-8725 4267",
    "latitude": null,
    "longitude": null,
    "source": "https://econsave.com.my/econsave-locations/",
    "scraped_at": "2025-12-20T15:48:00.945551"
  },
  {
    "country": "MY",
    "chain": "Econsave",
    "brand_group": "Econsave",
    "name": "Econsave Scott Garden",
    "address": "G-01-03, The Scott Garden, (Kompleks Rimbun, Scott), 289, Jalan Kelang Lama, 58200 Kuala Lumpur.",
    "operating_hours": "10am - 10pm",
    "phone": "03-7971 6840 03-7971 6841",
    "latitude": null,
    "longitude": null,
    "source": "https://econsave.com.my/econsave-locations/",
    "scraped_at": "2025-12-20T15:48:00.945708"
  },
  {
    "country": "MY",
    "chain": "Econsave",
    "brand_group": "Econsave",
    "name": "Econsave Segamat",
    "address": "No.25-39, Jalan Syed Abdul Kadir, Segamat, 85000 Johor Darul Takzim.",
    "operating_hours": "8am - 10pm",
    "phone": "07-931 7622 07-931 7623",
    "latitude": null,
    "longitude": null,
    "source": "https://econsave.com.my/econsave-locations/",
    "scraped_at": "2025-12-20T15:48:00.945870"
  },
  {
    "country": "MY",
    "chain": "Econsave",
    "brand_group": "Econsave",
    "name": "Econsave Segar Perdana",
    "address": "PT No.44621, Taman Segar Perdana, Cheras, 43200 Selangor Darul Ehsan.",
    "operating_hours": "8am - 10pm",
    "phone": "03-90805292",
    "latitude": null,
    "longitude": null,
    "source": "https://econsave.com.my/econsave-locations/",
    "scraped_at": "2025-12-20T15:48:00.946178"
  },
  {
    "country": "MY",
    "chain": "Econsave",
    "brand_group": "Econsave",
    "name": "Econsave Seksyen 27",
    "address": "No. 2A, 6, 8, 10, 12, 12A, 16, Jalan Teluk Kapas N27/N, Sentral 27, Seksyen 27, 40470 Shah Alam, Selangor",
    "operating_hours": "8am - 10pm",
    "phone": "016-5547226",
    "latitude": null,
    "longitude": null,
    "source": "https://econsave.com.my/econsave-locations/",
    "scraped_at": "2025-12-20T15:48:00.946398"
  },
  {
    "country": "MY",
    "chain": "Econsave",
    "brand_group": "Econsave",
    "name": "Econsave Semenyih",
    "address": "16-20,Jalan Pasar, Seksyen 7, Pekan Semenyih, Semenyih, 43500 Selangor Darul Ehsan.",
    "operating_hours": "8am - 10pm",
    "phone": "03-8723 4933 03-8723 5933",
    "latitude": null,
    "longitude": null,
    "source": "https://econsave.com.my/econsave-locations/",
    "scraped_at": "2025-12-20T15:48:00.946606"
  },
  {
    "country": "MY",
    "chain": "Econsave",
    "brand_group": "Econsave",
    "name": "Econsave Senai",
    "address": "274-1, Jalan Utama, Taman Bintang Utama, Senai, 81400 Johor Darul Takzim.",
    "operating_hours": "8am - 10pm",
    "phone": "07-5984069",
    "latitude": null,
    "longitude": null,
    "source": "https://econsave.com.my/econsave-locations/",
    "scraped_at": "2025-12-20T15:48:00.946778"
  },
  {
    "country": "MY",
    "chain": "Econsave",
    "brand_group": "Econsave",
    "name": "Econsave Seri Iskandar",
    "address": "No.1, Persiaran Seri Iskandar Prima 1, Seri Iskandar Prima, Seri Iskandar, 32610 Perak.",
    "operating_hours": "8am - 10pm",
    "phone": "05-373 1921 05-373 1922",
    "latitude": null,
    "longitude": null,
    "source": "https://econsave.com.my/econsave-locations/",
    "scraped_at": "2025-12-20T15:48:00.946947"
  },
  {
    "country": "MY",
    "chain": "Econsave",
    "brand_group": "Econsave",
    "name": "Econsave Setapak Central",
    "address": "Lot G01, KL Festival City, No. 67 Jalan Taman Ibu Kota, Setapak, 53300 Kuala Lumpur.",
    "operating_hours": "10am - 10pm",
    "phone": "03-4148 1027 03-4148 1028",
    "latitude": null,
    "longitude": null,
    "source": "https://econsave.com.my/econsave-locations/",
    "scraped_at": "2025-12-20T15:48:00.947115"
  },
  {
    "country": "MY",
    "chain": "Econsave",
    "brand_group": "Econsave",
    "name": "Econsave Simpang Rengam",
    "address": "Lot 1209, Jalan Air Hitam, Simpang Rengam, 86200 Johor Darul Takzim.",
    "operating_hours": "8am - 10pm",
    "phone": "07-755 9343 07-755 9344",
    "latitude": null,
    "longitude": null,
    "source": "https://econsave.com.my/econsave-locations/",
    "scraped_at": "2025-12-20T15:48:00.947285"
  },
  {
    "country": "MY",
    "chain": "Econsave",
    "brand_group": "Econsave",
    "name": "Econsave Slim River",
    "address": "No.1, Pusat Perniagaan Slim Perdana, Slim River, 35800 Perak.",
    "operating_hours": "8am - 10pm",
    "phone": "05-452 8728 05-452 8729",
    "latitude": null,
    "longitude": null,
    "source": "https://econsave.com.my/econsave-locations/",
    "scraped_at": "2025-12-20T15:48:00.947569"
  },
  {
    "country": "MY",
    "chain": "Econsave",
    "brand_group": "Econsave",
    "name": "Econsave South City",
    "address": "LG 35, Lower Ground Floor, South City Plaza, Persiaran Serdang Perdana, Taman Serdang Perdana, Seksyen 1, 43300 Seri Kembangan, Selangor",
    "operating_hours": "10am - 10pm",
    "phone": "‎",
    "latitude": null,
    "longitude": null,
    "source": "https://econsave.com.my/econsave-locations/",
    "scraped_at": "2025-12-20T15:48:00.947761"
  },
  {
    "country": "MY",
    "chain": "Econsave",
    "brand_group": "Econsave",
    "name": "Econsave Sungai Buloh",
    "address": "2-20, Jalan Liter C, U19/C, Sksyen U19, Sungai Buloh, 40160 Selangor Darul Ehsan.",
    "operating_hours": "8am - 10pm",
    "phone": "03-6157 6012 03-6157 6013",
    "latitude": null,
    "longitude": null,
    "source": "https://econsave.com.my/econsave-locations/",
    "scraped_at": "2025-12-20T15:48:00.947944"
  },
  {
    "country": "MY",
    "chain": "Econsave",
    "brand_group": "Econsave",
    "name": "Econsave Sungai Udang",
    "address": "No.29,Jalan Kerambit 3, Bandar Baru Sungai Udang, Sungai Udang, 76300 Melaka.",
    "operating_hours": "8am - 10pm",
    "phone": "06-351 7703 06-351 7704",
    "latitude": null,
    "longitude": null,
    "source": "https://econsave.com.my/econsave-locations/",
    "scraped_at": "2025-12-20T15:48:00.948114"
  },
  {
    "country": "MY",
    "chain": "Econsave",
    "brand_group": "Econsave",
    "name": "Econsave Taman Daya",
    "address": "Lot PTD 124006,Jalan Nipah, Taman Daya, Johor Bahru, 81100 Johor Darul Takzim.",
    "operating_hours": "8am - 10pm",
    "phone": "07-353 1601 07-353 1600",
    "latitude": null,
    "longitude": null,
    "source": "https://econsave.com.my/econsave-locations/",
    "scraped_at": "2025-12-20T15:48:00.948281"
  },
  {
    "country": "MY",
    "chain": "Econsave",
    "brand_group": "Econsave",
    "name": "Econsave Taman Petani Jaya",
    "address": "No.2-30, Lorong 16, tycoon Square, Taman Petani Jaya, Sungai Petani, 08000 Kedah Darul Aman.",
    "operating_hours": "8am - 10pm",
    "phone": "04-421 1440 04-421 7502",
    "latitude": null,
    "longitude": null,
    "source": "https://econsave.com.my/econsave-locations/",
    "scraped_at": "2025-12-20T15:48:00.948442"
  },
  {
    "country": "MY",
    "chain": "Econsave",
    "brand_group": "Econsave",
    "name": "Econsave Taman Putri Kulai",
    "address": "Lot24513&24514, Taman Putri Kulai, Kulai, 81000 Johor Darul Takzim.",
    "operating_hours": "8am - 10pm",
    "phone": "07-663 9835 07-663 9836",
    "latitude": null,
    "longitude": null,
    "source": "https://econsave.com.my/econsave-locations/",
    "scraped_at": "2025-12-20T15:48:00.948604"
  },
  {
    "country": "MY",
    "chain": "Econsave",
    "brand_group": "Econsave",
    "name": "Econsave Taman Teratai",
    "address": "PTD 43282, Jalan Enau 14, Taman Teratai, 81300 Skudai, Johor.",
    "operating_hours": "8am - 10pm",
    "phone": "016-2065069 016-2062477",
    "latitude": null,
    "longitude": null,
    "source": "https://econsave.com.my/econsave-locations/",
    "scraped_at": "2025-12-20T15:48:00.948763"
  },
  {
    "country": "MY",
    "chain": "Econsave",
    "brand_group": "Econsave",
    "name": "Econsave Tampin",
    "address": "Pt 121, Pt 122 & Pt 328, Taman Sri Intan, Tampin, 73000 Negeri Sembilan.",
    "operating_hours": "8am - 10pm",
    "phone": "06-444 9513 06-444 9514",
    "latitude": null,
    "longitude": null,
    "source": "https://econsave.com.my/econsave-locations/",
    "scraped_at": "2025-12-20T15:48:00.948921"
  },
  {
    "country": "MY",
    "chain": "Econsave",
    "brand_group": "Econsave",
    "name": "Econsave Tasek",
    "address": "Lot 111983, Jalan Kuala Kangsar, 30010 Ipoh, Perak",
    "operating_hours": "8am - 10pm",
    "phone": "‎",
    "latitude": null,
    "longitude": null,
    "source": "https://econsave.com.my/econsave-locations/",
    "scraped_at": "2025-12-20T15:48:00.949082"
  },
  {
    "country": "MY",
    "chain": "Econsave",
    "brand_group": "Econsave",
    "name": "Econsave Teluk Ramunia",
    "address": "No.1-11, LOT 741, Teluk Ramunia, Sungai Rengit, 81600 Johor Darul Takzim.",
    "operating_hours": "8am - 10pm",
    "phone": "07-8246211",
    "latitude": null,
    "longitude": null,
    "source": "https://econsave.com.my/econsave-locations/",
    "scraped_at": "2025-12-20T15:48:00.949244"
  },
  {
    "country": "MY",
    "chain": "Econsave",
    "brand_group": "Econsave",
    "name": "Econsave Triang",
    "address": "No.2, Jalan Sentral Triang 10, Sentral Triang, Triang, 28300 Pahang.",
    "operating_hours": "8am - 10pm",
    "phone": "09-2505839",
    "latitude": null,
    "longitude": null,
    "source": "https://econsave.com.my/econsave-locations/",
    "scraped_at": "2025-12-20T15:48:00.949416"
  },
  {
    "country": "MY",
    "chain": "Econsave",
    "brand_group": "Econsave",
    "name": "Econsave Yong Peng",
    "address": "No.24-30 Jalan Bayan, Taman Semberong Barat, Yong Peng, 83700 Johor Darul Takzim.",
    "operating_hours": "8am - 10pm",
    "phone": "07-467 7433 07-467 7434",
    "latitude": null,
    "longitude": null,
    "source": "https://econsave.com.my/econsave-locations/",
    "scraped_at": "2025-12-20T15:48:00.949593"
  },
  {
    "country": "MY",
    "chain": "Econsave",
    "brand_group": "Econsave",
    "name": "Pasar Ekonomi Econsave Alam Avenue 2",
    "address": "B-15-G, Jalan Serai Wangi K16/K, Alam Avenue 2, Seksyen 16, 40200, Shah Alam,Selangor.",
    "operating_hours": "8:30am - 10pm",
    "phone": "03-55241368",
    "latitude": null,
    "longitude": null,
    "source": "https://econsave.com.my/econsave-locations/",
    "scraped_at": "2025-12-20T15:48:00.949760"
  },
  {
    "country": "MY",
    "chain": "Econsave",
    "brand_group": "Econsave",
    "name": "Pasar Ekonomi Econsave Assam Jawa",
    "address": "No. 5-G & 7-G, Jalan 1, Assam Jawa, 45700 Bukit Rotan, Selangor",
    "operating_hours": "8:30am - 10pm",
    "phone": "‎03-3281 4726",
    "latitude": null,
    "longitude": null,
    "source": "https://econsave.com.my/econsave-locations/",
    "scraped_at": "2025-12-20T15:48:00.949922"
  },
  {
    "country": "MY",
    "chain": "Econsave",
    "brand_group": "Econsave",
    "name": "Pasar Ekonomi Econsave Bandar Baru Ampang",
    "address": "No.1G, Jalan Wawasan 2/3,Bandar Baru Ampang,68000 Ampang,Selangor",
    "operating_hours": "8:30am - 10pm",
    "phone": "‎03-4291 9321",
    "latitude": null,
    "longitude": null,
    "source": "https://econsave.com.my/econsave-locations/",
    "scraped_at": "2025-12-20T15:48:00.950088"
  },
  {
    "country": "MY",
    "chain": "Econsave",
    "brand_group": "Econsave",
    "name": "Pasar Ekonomi Econsave Bandar Bukit Tinggi 1",
    "address": "No. 1-00-1, (Ground Floor) Jalan Batu Nilam 1, Bandar Bukit Tinggi, 41200 Klang, Selangor Darul Ehsan.",
    "operating_hours": "8:30am - 10pm",
    "phone": "03-3319 2205",
    "latitude": null,
    "longitude": null,
    "source": "https://econsave.com.my/econsave-locations/",
    "scraped_at": "2025-12-20T15:48:00.950258"
  },
  {
    "country": "MY",
    "chain": "Econsave",
    "brand_group": "Econsave",
    "name": "Pasar Ekonomi Econsave Bandar Bukit Tinggi 2",
    "address": "No.4 & 6, Lorong Batu Nilam 34B, Bandar Bukit Tinggi 2, 41200 Klang, Selangor",
    "operating_hours": "8:30am - 10pm",
    "phone": "03-3319 1046",
    "latitude": null,
    "longitude": null,
    "source": "https://econsave.com.my/econsave-locations/",
    "scraped_at": "2025-12-20T15:48:00.950429"
  },
  {
    "country": "MY",
    "chain": "Econsave",
    "brand_group": "Econsave",
    "name": "Pasar Ekonomi Econsave Bandar Mahkota Banting",
    "address": "No. 1-G-17 & 1-G-19, Jalan Usahawan 2, Bandar Mahkota Banting, 42700 Banting, Selangor",
    "operating_hours": "8:30am - 10pm",
    "phone": "03-3187 0199 ‎",
    "latitude": null,
    "longitude": null,
    "source": "https://econsave.com.my/econsave-locations/",
    "scraped_at": "2025-12-20T15:48:00.950590"
  },
  {
    "country": "MY",
    "chain": "Econsave",
    "brand_group": "Econsave",
    "name": "Pasar Ekonomi Econsave Bandar Parklands",
    "address": "No. 110 & 112, Jalan Jed 4/KS6, Bandar Parklands, 41200 Klang, Selangor Darul Ehsan.",
    "operating_hours": "8:30am - 10pm",
    "phone": "03-33199884",
    "latitude": null,
    "longitude": null,
    "source": "https://econsave.com.my/econsave-locations/",
    "scraped_at": "2025-12-20T15:48:00.950748"
  },
  {
    "country": "MY",
    "chain": "Econsave",
    "brand_group": "Econsave",
    "name": "Pasar Ekonomi Econsave Bandar Saujana Putra",
    "address": "No.24 & No.26(Ground Floor), Jalan SP5/2, Pusat Perdagangan BSP, Bandar Saujana Putra, 42610 Jenjarom Selangor",
    "operating_hours": "8:30am - 10pm",
    "phone": "03-5162 3187",
    "latitude": null,
    "longitude": null,
    "source": "https://econsave.com.my/econsave-locations/",
    "scraped_at": "2025-12-20T15:48:00.950909"
  },
  {
    "country": "MY",
    "chain": "Econsave",
    "brand_group": "Econsave",
    "name": "Pasar Ekonomi Econsave Bandar Sungai Long",
    "address": "1, Jalan SL 1/12, Bandar Sungai Long, 43000 Kajang, Selangor",
    "operating_hours": "8:30am - 10pm",
    "phone": "03-90109948",
    "latitude": null,
    "longitude": null,
    "source": "https://econsave.com.my/econsave-locations/",
    "scraped_at": "2025-12-20T15:48:00.951069"
  },
  {
    "country": "MY",
    "chain": "Econsave",
    "brand_group": "Econsave",
    "name": "Pasar Ekonomi Econsave Bandar Tasik Kesuma",
    "address": "No.2, Jalan Kesuma 3/3, Bandar Tasik Kesuma, 43700 Beranang, Selangor",
    "operating_hours": "8:30am - 10pm",
    "phone": "03-8724 1326",
    "latitude": null,
    "longitude": null,
    "source": "https://econsave.com.my/econsave-locations/",
    "scraped_at": "2025-12-20T15:48:00.951234"
  },
  {
    "country": "MY",
    "chain": "Econsave",
    "brand_group": "Econsave",
    "name": "Pasar Ekonomi Econsave Bandar Tun Hussien Onn",
    "address": "No.11&12(Ground), Jalan Suasana 2/7A, Bandar Tun Hussein Onn, 43200 Cheras, Selangor",
    "operating_hours": "8:30am - 10pm",
    "phone": "",
    "latitude": null,
    "longitude": null,
    "source": "https://econsave.com.my/econsave-locations/",
    "scraped_at": "2025-12-20T15:48:00.951394"
  },
  {
    "country": "MY",
    "chain": "Econsave",
    "brand_group": "Econsave",
    "name": "Pasar Ekonomi Econsave Bangi Awani",
    "address": "No.13-G, Jalan Awani Bangi 1/1, Taman Awani Bangi, 43000 Kajang, Selangor.",
    "operating_hours": "8:30am - 10pm",
    "phone": "",
    "latitude": null,
    "longitude": null,
    "source": "https://econsave.com.my/econsave-locations/",
    "scraped_at": "2025-12-20T15:48:00.951555"
  },
  {
    "country": "MY",
    "chain": "Econsave",
    "brand_group": "Econsave",
    "name": "Pasar Ekonomi Econsave Banting 1",
    "address": "No 168, Jalan Bunga Pekan, 42700, Banting, Selangor",
    "operating_hours": "8:30am - 10pm",
    "phone": "03-38508468",
    "latitude": null,
    "longitude": null,
    "source": "https://econsave.com.my/econsave-locations/",
    "scraped_at": "2025-12-20T15:48:00.951714"
  },
  {
    "country": "MY",
    "chain": "Econsave",
    "brand_group": "Econsave",
    "name": "Pasar Ekonomi Econsave Banting 2",
    "address": "No. 109, Jalan Toman,Taman Seri Putra, 42700 Banting, Selangor",
    "operating_hours": "8:30am - 10pm",
    "phone": "‎03-3180 9075",
    "latitude": null,
    "longitude": null,
    "source": "https://econsave.com.my/econsave-locations/",
    "scraped_at": "2025-12-20T15:48:00.951876"
  },
  {
    "country": "MY",
    "chain": "Econsave",
    "brand_group": "Econsave",
    "name": "Pasar Ekonomi Econsave Bayu Perdana",
    "address": "No.41 Jalan Batu Unjur,Pandamaran, 42000 Port Klang, Selangor Darul Ehsan.",
    "operating_hours": "8:30am - 10pm",
    "phone": "03-33221849",
    "latitude": null,
    "longitude": null,
    "source": "https://econsave.com.my/econsave-locations/",
    "scraped_at": "2025-12-20T15:48:00.952040"
  },
  {
    "country": "MY",
    "chain": "Econsave",
    "brand_group": "Econsave",
    "name": "Pasar Ekonomi Econsave Bayu Perdana 2",
    "address": "No.76 & 78, Jalan Batu Unjur 1, Taman Bayu Perdana, 41200 Klang, Selangor.",
    "operating_hours": "8:30am - 10pm",
    "phone": null,
    "latitude": null,
    "longitude": null,
    "source": "https://econsave.com.my/econsave-locations/",
    "scraped_at": "2025-12-20T15:48:00.952203"
  },
  {
    "country": "MY",
    "chain": "Econsave",
    "brand_group": "Econsave",
    "name": "Pasar Ekonomi Econsave Botanic",
    "address": "32 & 34 Jalan Palma Raya, Bandar Botanic, 41200 Klang",
    "operating_hours": "8:30am - 10pm",
    "phone": "‎",
    "latitude": null,
    "longitude": null,
    "source": "https://econsave.com.my/econsave-locations/",
    "scraped_at": "2025-12-20T15:48:00.952363"
  },
  {
    "country": "MY",
    "chain": "Econsave",
    "brand_group": "Econsave",
    "name": "Pasar Ekonomi Econsave Brickfields",
    "address": "24, Jalan Thambipillay, Brickfields, 50470 Kuala Lumpur",
    "operating_hours": "8:30am - 10pm",
    "phone": "03-22762885",
    "latitude": null,
    "longitude": null,
    "source": "https://econsave.com.my/econsave-locations/",
    "scraped_at": "2025-12-20T15:48:00.952526"
  },
  {
    "country": "MY",
    "chain": "Econsave",
    "brand_group": "Econsave",
    "name": "Pasar Ekonomi Econsave Bukit Kuda",
    "address": "No. 2A, Jalan Bidor / KU 1, Bukit Kuda, 41300, Klang, Selangor",
    "operating_hours": "8:30am - 10pm",
    "phone": "‎‎03-3358 1227",
    "latitude": null,
    "longitude": null,
    "source": "https://econsave.com.my/econsave-locations/",
    "scraped_at": "2025-12-20T15:48:00.952685"
  },
  {
    "country": "MY",
    "chain": "Econsave",
    "brand_group": "Econsave",
    "name": "Pasar Ekonomi Econsave Dataran Mentari",
    "address": "No.27 & No.29(Ground Floor), Blok A Dataran Mentari, Jalan PJS 8/12, 46150 Petaling Jaya, Selangor",
    "operating_hours": "8:30am - 10pm",
    "phone": "03-5612 7521",
    "latitude": null,
    "longitude": null,
    "source": "https://econsave.com.my/econsave-locations/",
    "scraped_at": "2025-12-20T15:48:00.952847"
  },
  {
    "country": "MY",
    "chain": "Econsave",
    "brand_group": "Econsave",
    "name": "Pasar Ekonomi Econsave Desa Pandan",
    "address": "45, Jalan 5/76b, Desa Pandan, 55100 Kuala Lumpur",
    "operating_hours": "8:30am - 10pm",
    "phone": "03-92012986",
    "latitude": null,
    "longitude": null,
    "source": "https://econsave.com.my/econsave-locations/",
    "scraped_at": "2025-12-20T15:48:00.953035"
  },
  {
    "country": "MY",
    "chain": "Econsave",
    "brand_group": "Econsave",
    "name": "Pasar Ekonomi Econsave Desa Tasik",
    "address": "No.16, Jalan  Tasik Selatan 30B, Desa Tasik, Off Jalan Sg. Besi, 57000 Kuala Lumpur",
    "operating_hours": "8:30am - 10pm",
    "phone": "‎",
    "latitude": null,
    "longitude": null,
    "source": "https://econsave.com.my/econsave-locations/",
    "scraped_at": "2025-12-20T15:48:00.953203"
  },
  {
    "country": "MY",
    "chain": "Econsave",
    "brand_group": "Econsave",
    "name": "Pasar Ekonomi Econsave Eco Majestic Semenyih",
    "address": "No. 25 (Ground Floor), Jalan Eco Majestic 3A/1, Econ Majestic, 43500 Semenyih, Selangor.",
    "operating_hours": "8:30am - 10pm",
    "phone": "03-87273028",
    "latitude": null,
    "longitude": null,
    "source": "https://econsave.com.my/econsave-locations/",
    "scraped_at": "2025-12-20T15:48:00.953363"
  },
  {
    "country": "MY",
    "chain": "Econsave",
    "brand_group": "Econsave",
    "name": "Pasar Ekonomi Econsave Glomac Cyberjaya",
    "address": "No. 12-G(Block A), Jalan GC1, Glomac Cyberjaya, Cyber 12, 63200 Cyberjaya, Selangor.",
    "operating_hours": "8:30am - 10pm",
    "phone": "03-8322 4970",
    "latitude": null,
    "longitude": null,
    "source": "https://econsave.com.my/econsave-locations/",
    "scraped_at": "2025-12-20T15:48:00.953522"
  },
  {
    "country": "MY",
    "chain": "Econsave",
    "brand_group": "Econsave",
    "name": "Pasar Ekonomi Econsave Hentian Kajang",
    "address": "No.16G, Jalan Hentian 1, Off Jalan Reko, Pusat Perhentian Kajang, 43000 Kajang, Selangor",
    "operating_hours": "8:30am - 10pm",
    "phone": "03-8740 2130",
    "latitude": null,
    "longitude": null,
    "source": "https://econsave.com.my/econsave-locations/",
    "scraped_at": "2025-12-20T15:48:00.953681"
  },
  {
    "country": "MY",
    "chain": "Econsave",
    "brand_group": "Econsave",
    "name": "Pasar Ekonomi Econsave Hicom Shah Alam",
    "address": "No. 30 & 32, Jalan Perbahan Satu 26/2A, Hicom Industrial Estate, 40400 Shah Alam, Selangor",
    "operating_hours": "8:30am - 10pm",
    "phone": "‎‎‎03-5192 7258",
    "latitude": null,
    "longitude": null,
    "source": "https://econsave.com.my/econsave-locations/",
    "scraped_at": "2025-12-20T15:48:00.953839"
  },
  {
    "country": "MY",
    "chain": "Econsave",
    "brand_group": "Econsave",
    "name": "Pasar Ekonomi Econsave Ijok 1",
    "address": "No.32, Jalan Ijok Permai 1, Pusat Niaga Ijok Permai, 45603 Ijok, Kuala Selangor, Selangor",
    "operating_hours": "8:30am - 10pm",
    "phone": "03-3275 0275",
    "latitude": null,
    "longitude": null,
    "source": "https://econsave.com.my/econsave-locations/",
    "scraped_at": "2025-12-20T15:48:00.953999"
  },
  {
    "country": "MY",
    "chain": "Econsave",
    "brand_group": "Econsave",
    "name": "Pasar Ekonomi Econsave Ijok 2",
    "address": "No. 307A & 307B,(Ground Floor), Kg Baru Ijok,40160 Kuala Selangor, Selangor",
    "operating_hours": "8:30am - 10pm",
    "phone": "‎03-3275 0582",
    "latitude": null,
    "longitude": null,
    "source": "https://econsave.com.my/econsave-locations/",
    "scraped_at": "2025-12-20T15:48:00.954160"
  },
  {
    "country": "MY",
    "chain": "Econsave",
    "brand_group": "Econsave",
    "name": "Pasar Ekonomi Econsave Jalan Kebun Nenas",
    "address": "No.133, 135, Jalan Kebun Nenas 7A/KS8 Bandar Putera 2 Klang 41200 Klang, Selangor",
    "operating_hours": "8:30am - 10pm",
    "phone": "‎",
    "latitude": null,
    "longitude": null,
    "source": "https://econsave.com.my/econsave-locations/",
    "scraped_at": "2025-12-20T15:48:00.954323"
  },
  {
    "country": "MY",
    "chain": "Econsave",
    "brand_group": "Econsave",
    "name": "Pasar Ekonomi Econsave Jalan Pekan Baru",
    "address": "No.124 & 206 (G), Jalan Pekan Baru, Off Jalan Meru, 41050 Klang, Selangor",
    "operating_hours": "8:30am - 10pm",
    "phone": "‎03-3362 6582",
    "latitude": null,
    "longitude": null,
    "source": "https://econsave.com.my/econsave-locations/",
    "scraped_at": "2025-12-20T15:48:00.954488"
  },
  {
    "country": "MY",
    "chain": "Econsave",
    "brand_group": "Econsave",
    "name": "Pasar Ekonomi Econsave Jenjarom 1",
    "address": "No. 11 & 15G, Jalan Bacang 17, Taman Seri Jarum, 42600 Jenjarom, Selangor",
    "operating_hours": "8:30am - 10pm",
    "phone": "‎",
    "latitude": null,
    "longitude": null,
    "source": "https://econsave.com.my/econsave-locations/",
    "scraped_at": "2025-12-20T15:48:00.954650"
  },
  {
    "country": "MY",
    "chain": "Econsave",
    "brand_group": "Econsave",
    "name": "Pasar Ekonomi Econsave Kampung Raja Uda",
    "address": "No. 11-G & 13-G, Lorong Orkid 1A/KS04, Kampung Raja Uda, 42000 Pelabuhan Klang,  Selangor",
    "operating_hours": "8:30am - 10pm",
    "phone": "‎",
    "latitude": null,
    "longitude": null,
    "source": "https://econsave.com.my/econsave-locations/",
    "scraped_at": "2025-12-20T15:48:00.954812"
  },
  {
    "country": "MY",
    "chain": "Econsave",
    "brand_group": "Econsave",
    "name": "Pasar Ekonomi Econsave Kiara Semenyih",
    "address": "No.8-G, Jalan Kiara 1, Kawasan Perindustrian Kiara, 43500 Semenyih, Selangor.",
    "operating_hours": "8:30am - 10pm",
    "phone": "03-79720262",
    "latitude": null,
    "longitude": null,
    "source": "https://econsave.com.my/econsave-locations/",
    "scraped_at": "2025-12-20T15:48:00.954974"
  },
  {
    "country": "MY",
    "chain": "Econsave",
    "brand_group": "Econsave",
    "name": "Pasar Ekonomi Econsave Klang Sentral",
    "address": "No.1, Jalan Klang Sentral 9/KU5, Klang Sentral, 421050 Kapar, Selangor Darul Ehsan.",
    "operating_hours": "8:30am - 10.30pm",
    "phone": "03-3362 6121",
    "latitude": null,
    "longitude": null,
    "source": "https://econsave.com.my/econsave-locations/",
    "scraped_at": "2025-12-20T15:48:00.955140"
  },
  {
    "country": "MY",
    "chain": "Econsave",
    "brand_group": "Econsave",
    "name": "Pasar Ekonomi Econsave Kota Kemuning",
    "address": "No. 1(Ground Floor), Jalan Anggerik Eria AU 31/AU, Seksyen 31 40460 Shah Alam Selangor",
    "operating_hours": "8:30am - 10pm",
    "phone": "‎+60 3-5120 1400",
    "latitude": null,
    "longitude": null,
    "source": "https://econsave.com.my/econsave-locations/",
    "scraped_at": "2025-12-20T15:48:00.955299"
  },
  {
    "country": "MY",
    "chain": "Econsave",
    "brand_group": "Econsave",
    "name": "Pasar Ekonomi Econsave Medan Putra Business Center",
    "address": "No. 25 & 27 (Ground Floor), Jalan Medan Putra 1, Medan Putra Business Center, Bandar Sri Menjalara, 52000 Kuala Lumpur, Wilayah Persekutuan Kuala Lumpur",
    "operating_hours": "8:30am - 10pm",
    "phone": "03-62632556",
    "latitude": null,
    "longitude": null,
    "source": "https://econsave.com.my/econsave-locations/",
    "scraped_at": "2025-12-20T15:48:00.955461"
  },
  {
    "country": "MY",
    "chain": "Econsave",
    "brand_group": "Econsave",
    "name": "Pasar Ekonomi Econsave Menara Paragon",
    "address": "GF-13A, Menara Paragon, Persiaran Bestari, Cyber 11, 63000 Cyberjaya, Selangor.",
    "operating_hours": "8:30am - 10pm",
    "phone": "‎+ 603 8322 0612",
    "latitude": null,
    "longitude": null,
    "source": "https://econsave.com.my/econsave-locations/",
    "scraped_at": "2025-12-20T15:48:00.955620"
  },
  {
    "country": "MY",
    "chain": "Econsave",
    "brand_group": "Econsave",
    "name": "Pasar Ekonomi Econsave One Kesas",
    "address": "C-27-G & C-29-G(Ground Floor), One Kesas, Jalan Bayu Laut 15D/KS9, Kota Bayuemas, 41200 Klang, Selangor",
    "operating_hours": "8:30am - 10pm",
    "phone": "03-3163 1583",
    "latitude": null,
    "longitude": null,
    "source": "https://econsave.com.my/econsave-locations/",
    "scraped_at": "2025-12-20T15:48:00.955778"
  },
  {
    "country": "MY",
    "chain": "Econsave",
    "brand_group": "Econsave",
    "name": "Pasar Ekonomi Econsave Pandamaran",
    "address": "No.5&7, Jalan Ehsan Perdana7/KS5, Pandamaran, 42000 Port Klang, Selangor Darul Ehsan.",
    "operating_hours": "8:30am - 10pm",
    "phone": "03-31621356",
    "latitude": null,
    "longitude": null,
    "source": "https://econsave.com.my/econsave-locations/",
    "scraped_at": "2025-12-20T15:48:00.955933"
  },
  {
    "country": "MY",
    "chain": "Econsave",
    "brand_group": "Econsave",
    "name": "Pasar Ekonomi Econsave Pandan Cahaya-Ampang",
    "address": "49-B-G & 50A-G, Jalan Pandan Cahaya 2/2, Pandan Cahaya, 68000 Ampang, Selangor.",
    "operating_hours": "8:30am - 10pm",
    "phone": "‎03-4285 3437",
    "latitude": null,
    "longitude": null,
    "source": "https://econsave.com.my/econsave-locations/",
    "scraped_at": "2025-12-20T15:48:00.956100"
  },
  {
    "country": "MY",
    "chain": "Econsave",
    "brand_group": "Econsave",
    "name": "Pasar Ekonomi Econsave Pearl Avenue Sg Chua",
    "address": "PA-S-29, (Ground Floor) Pearl Avenue, Sg. Chua, Jalan Pasir Emas, 43000 Kajang, Selangor.",
    "operating_hours": "8:30am - 10pm",
    "phone": "03-87390672",
    "latitude": null,
    "longitude": null,
    "source": "https://econsave.com.my/econsave-locations/",
    "scraped_at": "2025-12-20T15:48:00.956258"
  },
  {
    "country": "MY",
    "chain": "Econsave",
    "brand_group": "Econsave",
    "name": "Pasar Ekonomi Econsave Pelangi Semenyih 2",
    "address": "No.19 & No. 21, Jalan TPS 2/2, Taman Pelangi Semenyih 2, 43500, Semenyih, Selangor",
    "operating_hours": "8:30am - 10pm",
    "phone": "‎",
    "latitude": null,
    "longitude": null,
    "source": "https://econsave.com.my/econsave-locations/",
    "scraped_at": "2025-12-20T15:48:00.956530"
  },
  {
    "country": "MY",
    "chain": "Econsave",
    "brand_group": "Econsave",
    "name": "Pasar Ekonomi Econsave Port Klang 1",
    "address": "No.82,Ground Floor,Lebuh Beringin,Off Jalan Berangan, 42000 Port Klang, Selangor Darul Ehsan.",
    "operating_hours": "8:30am - 10pm",
    "phone": "03-31621597",
    "latitude": null,
    "longitude": null,
    "source": "https://econsave.com.my/econsave-locations/",
    "scraped_at": "2025-12-20T15:48:00.956702"
  },
  {
    "country": "MY",
    "chain": "Econsave",
    "brand_group": "Econsave",
    "name": "Pasar Ekonomi Econsave Port Klang 2",
    "address": "No.89, Jalan Tengku Badar, 42000 Port Klang, Selangor.",
    "operating_hours": "8:30am - 10pm",
    "phone": "03-31626991",
    "latitude": null,
    "longitude": null,
    "source": "https://econsave.com.my/econsave-locations/",
    "scraped_at": "2025-12-20T15:48:00.956865"
  },
  {
    "country": "MY",
    "chain": "Econsave",
    "brand_group": "Econsave",
    "name": "Pasar Ekonomi Econsave Puchong Indah",
    "address": "No.G-31, Jalan Indah 3/13, Taman Puchong Indah, 47150 Puchong, Selangor",
    "operating_hours": "8:30am - 10pm",
    "phone": "03-8066 2445",
    "latitude": null,
    "longitude": null,
    "source": "https://econsave.com.my/econsave-locations/",
    "scraped_at": "2025-12-20T15:48:00.957027"
  },
  {
    "country": "MY",
    "chain": "Econsave",
    "brand_group": "Econsave",
    "name": "Pasar Ekonomi Econsave Putra Perdana",
    "address": "G-90, Lingkungan Putra Perdana, Taman Putra Perdana, 47130 Puchong, Selangor",
    "operating_hours": "8:30am - 10pm",
    "phone": "‎",
    "latitude": null,
    "longitude": null,
    "source": "https://econsave.com.my/econsave-locations/",
    "scraped_at": "2025-12-20T15:48:00.957189"
  },
  {
    "country": "MY",
    "chain": "Econsave",
    "brand_group": "Econsave",
    "name": "Pasar Ekonomi Econsave Salak Tinggi",
    "address": "No.35 & 37, Jalan ST 1C/6, Medan 88 Bandar Baru Salak Tinggi Sepang, 43900 Sepang, Selangor",
    "operating_hours": "8:30am - 10pm",
    "phone": "‎",
    "latitude": null,
    "longitude": null,
    "source": "https://econsave.com.my/econsave-locations/",
    "scraped_at": "2025-12-20T15:48:00.957348"
  },
  {
    "country": "MY",
    "chain": "Econsave",
    "brand_group": "Econsave",
    "name": "Pasar Ekonomi Econsave Seksyen U5",
    "address": "No 23 & 25 Jalan Zuhrah BH U5/BH, Seksyen U5, 40150 Shah Alam, Selangor",
    "operating_hours": "8:30am - 10pm",
    "phone": "03-58791031",
    "latitude": null,
    "longitude": null,
    "source": "https://econsave.com.my/econsave-locations/",
    "scraped_at": "2025-12-20T15:48:00.957511"
  },
  {
    "country": "MY",
    "chain": "Econsave",
    "brand_group": "Econsave",
    "name": "Pasar Ekonomi Econsave Seroja",
    "address": "No. 5 & 7, Jalan Seroja 6, Taman Seroja, 43900 Sepang, Selangor",
    "operating_hours": "8:30am - 10pm",
    "phone": "‎",
    "latitude": null,
    "longitude": null,
    "source": "https://econsave.com.my/econsave-locations/",
    "scraped_at": "2025-12-20T15:48:00.957674"
  },
  {
    "country": "MY",
    "chain": "Econsave",
    "brand_group": "Econsave",
    "name": "Pasar Ekonomi Econsave Setia Alam 1",
    "address": "No.16G&18G,Jalan Setia Gemilang BM U13/BM, Setia Alam, 40170 Shah Alam, Selangor Darul Ehsan.",
    "operating_hours": "8:30am - 10pm",
    "phone": "03-33587963",
    "latitude": null,
    "longitude": null,
    "source": "https://econsave.com.my/econsave-locations/",
    "scraped_at": "2025-12-20T15:48:00.957838"
  },
  {
    "country": "MY",
    "chain": "Econsave",
    "brand_group": "Econsave",
    "name": "Pasar Ekonomi Econsave Sungai Kapar Indah",
    "address": "No. 1, Ground Floor, Jalan Sungai Kapar Indah 3K, Sungai Kapar Indah, 42209 Kapar, Selangor Darul Ehsan.",
    "operating_hours": "8:30am - 10pm",
    "phone": "03-32907750",
    "latitude": null,
    "longitude": null,
    "source": "https://econsave.com.my/econsave-locations/",
    "scraped_at": "2025-12-20T15:48:00.957997"
  },
  {
    "country": "MY",
    "chain": "Econsave",
    "brand_group": "Econsave",
    "name": "Pasar Ekonomi Econsave Sunway Mas",
    "address": "2-1-G,Block K, Jalan PJU 1/3A, Sunway Mas Commercial Center,47301,Petaling Jaya,Selangor",
    "operating_hours": "8:30am - 10pm",
    "phone": "03-74993997",
    "latitude": null,
    "longitude": null,
    "source": "https://econsave.com.my/econsave-locations/",
    "scraped_at": "2025-12-20T15:48:00.958156"
  },
  {
    "country": "MY",
    "chain": "Econsave",
    "brand_group": "Econsave",
    "name": "Pasar Ekonomi Econsave Taman Cheras Prima",
    "address": "A-G-6 & A-G-7, Blok A, Jln Cheras Prima 3, Taman Cheras Prima, 43000 Kajang, Selangor",
    "operating_hours": "8:30am - 10pm",
    "phone": "‎",
    "latitude": null,
    "longitude": null,
    "source": "https://econsave.com.my/econsave-locations/",
    "scraped_at": "2025-12-20T15:48:00.958321"
  },
  {
    "country": "MY",
    "chain": "Econsave",
    "brand_group": "Econsave",
    "name": "Pasar Ekonomi Econsave Taman Damai Mewah",
    "address": "No. 23 & 23A, (Ground Floor), Jalan Damai Mewah 1A, Taman Damai Mewah,43000 Kajang, Selangor.",
    "operating_hours": "8:30am - 10pm",
    "phone": "03-87337596",
    "latitude": null,
    "longitude": null,
    "source": "https://econsave.com.my/econsave-locations/",
    "scraped_at": "2025-12-20T15:48:00.958483"
  },
  {
    "country": "MY",
    "chain": "Econsave",
    "brand_group": "Econsave",
    "name": "Pasar Ekonomi Econsave Taman Emas Cheras",
    "address": "No.1, Jalan Emas 2, Taman Emas, Batu 9, 43200 Cheras, Selangor Darul Ehsan.",
    "operating_hours": "8:30am - 10pm",
    "phone": "03-90828160",
    "latitude": null,
    "longitude": null,
    "source": "https://econsave.com.my/econsave-locations/",
    "scraped_at": "2025-12-20T15:48:00.958644"
  },
  {
    "country": "MY",
    "chain": "Econsave",
    "brand_group": "Econsave",
    "name": "Pasar Ekonomi Econsave Taman Equine 1",
    "address": "No.2, Jalan Equine 1D, Taman Equine, 43300, Seri Kembangan, Selangor",
    "operating_hours": "8:30am - 10pm",
    "phone": "03-8940 4062",
    "latitude": null,
    "longitude": null,
    "source": "https://econsave.com.my/econsave-locations/",
    "scraped_at": "2025-12-20T15:48:00.958802"
  },
  {
    "country": "MY",
    "chain": "Econsave",
    "brand_group": "Econsave",
    "name": "Pasar Ekonomi Econsave Taman Equine 2",
    "address": "No.1 (Ground Floor), Jalan Putra Permai 1A, Taman Equine, 43300 Seri Kembangan, Selangor.",
    "operating_hours": "8:30am - 10pm",
    "phone": "03-8959 4237",
    "latitude": null,
    "longitude": null,
    "source": "https://econsave.com.my/econsave-locations/",
    "scraped_at": "2025-12-20T15:48:00.958961"
  },
  {
    "country": "MY",
    "chain": "Econsave",
    "brand_group": "Econsave",
    "name": "Pasar Ekonomi Econsave Taman Indah, Sungai Jelok",
    "address": "No.10(Ground Floor), Jalan Indah 1, Taman Indah, Sungai Jelok, 43000 Kajang, Selangor",
    "operating_hours": "8:30am - 10pm",
    "phone": "03-8734 2264",
    "latitude": null,
    "longitude": null,
    "source": "https://econsave.com.my/econsave-locations/",
    "scraped_at": "2025-12-20T15:48:00.959127"
  },
  {
    "country": "MY",
    "chain": "Econsave",
    "brand_group": "Econsave",
    "name": "Pasar Ekonomi Econsave Taman Kajang Prima",
    "address": "No.23A & No.25(Ground Floor), Jalan KP 1/1, Taman Kajang Prima, 43000 Kajang, Selangor",
    "operating_hours": "8:30am - 10pm",
    "phone": "03-8730 2800",
    "latitude": null,
    "longitude": null,
    "source": "https://econsave.com.my/econsave-locations/",
    "scraped_at": "2025-12-20T15:48:00.959290"
  },
  {
    "country": "MY",
    "chain": "Econsave",
    "brand_group": "Econsave",
    "name": "Pasar Ekonomi Econsave Taman Klang Utama",
    "address": "No.131, Persiaran Sungai Keramat, Taman Klang Utama, 42100 Klang, Selangor Darul Ehsan.",
    "operating_hours": "8:30am - 10pm",
    "phone": "03-32901553",
    "latitude": null,
    "longitude": null,
    "source": "https://econsave.com.my/econsave-locations/",
    "scraped_at": "2025-12-20T15:48:00.959452"
  },
  {
    "country": "MY",
    "chain": "Econsave",
    "brand_group": "Econsave",
    "name": "Pasar Ekonomi Econsave Taman Kosas Ampang",
    "address": "No.18 & 20 (Ground Floor), Jalan Kosas 1/4, Taman Kosas, 68000 Ampang, Selangor.",
    "operating_hours": "8:30am - 10pm",
    "phone": "",
    "latitude": null,
    "longitude": null,
    "source": "https://econsave.com.my/econsave-locations/",
    "scraped_at": "2025-12-20T15:48:00.959611"
  },
  {
    "country": "MY",
    "chain": "Econsave",
    "brand_group": "Econsave",
    "name": "Pasar Ekonomi Econsave Taman Langat Utama",
    "address": "No.91 (Ground Flour), Jalan LU 2/2, Taman Langat Utama, Bukit Changgang, 42700 Banting, Selangor",
    "operating_hours": "8:30am - 10pm",
    "phone": "‎03-3149 4629",
    "latitude": null,
    "longitude": null,
    "source": "https://econsave.com.my/econsave-locations/",
    "scraped_at": "2025-12-20T15:48:00.959769"
  },
  {
    "country": "MY",
    "chain": "Econsave",
    "brand_group": "Econsave",
    "name": "Pasar Ekonomi Econsave Taman Midah",
    "address": "No.22 (Ground Floor), Jalan Medah Midah, Taman Midah, Cheras, 56000 Kuala Lumpur",
    "operating_hours": "8:30am - 10pm",
    "phone": "03-9134 1901",
    "latitude": null,
    "longitude": null,
    "source": "https://econsave.com.my/econsave-locations/",
    "scraped_at": "2025-12-20T15:48:00.959931"
  },
  {
    "country": "MY",
    "chain": "Econsave",
    "brand_group": "Econsave",
    "name": "Pasar Ekonomi Econsave Taman Pandan Mewah",
    "address": "B2-G02, Jalan Mewah 1/1, Taman Pandan Mewah, 68000 Ampang, Selangor",
    "operating_hours": "8:30am - 10pm",
    "phone": "03-4296 1775",
    "latitude": null,
    "longitude": null,
    "source": "https://econsave.com.my/econsave-locations/",
    "scraped_at": "2025-12-20T15:48:00.960092"
  },
  {
    "country": "MY",
    "chain": "Econsave",
    "brand_group": "Econsave",
    "name": "Pasar Ekonomi Econsave Taman Rasmi",
    "address": "No. 1(Ground Floor), Jalan Rasmi 7, Taman Rasmi Jaya, 68000 Ampang, Selangor",
    "operating_hours": "8:30am - 10pm",
    "phone": "03-4265 4270",
    "latitude": null,
    "longitude": null,
    "source": "https://econsave.com.my/econsave-locations/",
    "scraped_at": "2025-12-20T15:48:00.960261"
  },
  {
    "country": "MY",
    "chain": "Econsave",
    "brand_group": "Econsave",
    "name": "Pasar Ekonomi Econsave Taman Rhu Permai",
    "address": "No.6 & No.8(Ground Floor), Jalan RHU 1, Taman RHU Permai, 45000 Kuala Selangor, Selangor",
    "operating_hours": "8:30am - 10pm",
    "phone": "‎03-3281 3445",
    "latitude": null,
    "longitude": null,
    "source": "https://econsave.com.my/econsave-locations/",
    "scraped_at": "2025-12-20T15:48:00.960446"
  },
  {
    "country": "MY",
    "chain": "Econsave",
    "brand_group": "Econsave",
    "name": "Pasar Ekonomi Econsave Taman Sementa Utama 1",
    "address": "No. 11 & 15, Jalan Sementa Utama 1, Taman Sementa Utama,Batu 7 Jalan Kapar, 42100 Klang, Selangor",
    "operating_hours": "8:30am - 10pm",
    "phone": "03-3291 9453",
    "latitude": null,
    "longitude": null,
    "source": "https://econsave.com.my/econsave-locations/",
    "scraped_at": "2025-12-20T15:48:00.960757"
  },
  {
    "country": "MY",
    "chain": "Econsave",
    "brand_group": "Econsave",
    "name": "Pasar Ekonomi Econsave Taman Seri Indah",
    "address": "No.2(Ground Floor),Lorong Bendahara 38, Off Jalan Sungai Jati, Taman Seri Indah, 41200 Klang, Selangor.",
    "operating_hours": "8:30am - 10pm",
    "phone": "03-5162 3380",
    "latitude": null,
    "longitude": null,
    "source": "https://econsave.com.my/econsave-locations/",
    "scraped_at": "2025-12-20T15:48:00.960947"
  },
  {
    "country": "MY",
    "chain": "Econsave",
    "brand_group": "Econsave",
    "name": "Pasar Ekonomi Econsave Taman Sri Andalas 1",
    "address": "No. 231, Jalan Sri Mersing 1, Taman Sri Andalas, 41200 Klang, Selangor Darul Ehsan.",
    "operating_hours": "8:30am - 10pm",
    "phone": "03-33191657",
    "latitude": null,
    "longitude": null,
    "source": "https://econsave.com.my/econsave-locations/",
    "scraped_at": "2025-12-20T15:48:00.961113"
  },
  {
    "country": "MY",
    "chain": "Econsave",
    "brand_group": "Econsave",
    "name": "Pasar Ekonomi Econsave Taman Sri Andalas 2",
    "address": "45-A, Jalan Sri Sarawak 17, Taman Sri Andalas, 41200 Klang, Selangor Darul Ehsan.",
    "operating_hours": "8:30am - 10pm",
    "phone": "03-33198356",
    "latitude": null,
    "longitude": null,
    "source": "https://econsave.com.my/econsave-locations/",
    "scraped_at": "2025-12-20T15:48:00.961351"
  },
  {
    "country": "MY",
    "chain": "Econsave",
    "brand_group": "Econsave",
    "name": "Pasar Ekonomi Econsave Taman Sri Andalas 3",
    "address": "No. 2, Jalan Sri Damak 18, Kawasan 2, Taman Sri Andalas, 41200 Klang, Selangor.",
    "operating_hours": "8:30am - 10pm",
    "phone": "03-3371 8987",
    "latitude": null,
    "longitude": null,
    "source": "https://econsave.com.my/econsave-locations/",
    "scraped_at": "2025-12-20T15:48:00.961589"
  },
  {
    "country": "MY",
    "chain": "Econsave",
    "brand_group": "Econsave",
    "name": "Pasar Ekonomi Econsave Taman Sri Muda Shah Alam",
    "address": "No. 58 & 60(Ground Floor), Jalan Murni 25/61, Taman Sri Muda, Seksyen 25, 40400 Shah Alam, Selangor.",
    "operating_hours": "8:30am - 10pm",
    "phone": "03-51312059",
    "latitude": null,
    "longitude": null,
    "source": "https://econsave.com.my/econsave-locations/",
    "scraped_at": "2025-12-20T15:48:00.961770"
  },
  {
    "country": "MY",
    "chain": "Econsave",
    "brand_group": "Econsave",
    "name": "Pasar Ekonomi Econsave Taman Subang Perdana",
    "address": "No. 29A, Jalan Dinar GU3/G, Seksyen U3, Taman Subang Perdana, 40150 Shah Alam, Selangor.",
    "operating_hours": "8:30am - 10pm",
    "phone": "03-78312880",
    "latitude": null,
    "longitude": null,
    "source": "https://econsave.com.my/econsave-locations/",
    "scraped_at": "2025-12-20T15:48:00.961932"
  },
  {
    "country": "MY",
    "chain": "Econsave",
    "brand_group": "Econsave",
    "name": "Pasar Ekonomi Econsave Taman Sungai Besi",
    "address": "No.39 & 41(Ground Floor), Jalan 3/108C, Taman Sungai Besi, 57100,Wilayah Persekutuan Kuala Lumpur",
    "operating_hours": "8:30am - 10pm",
    "phone": "03-79720262",
    "latitude": null,
    "longitude": null,
    "source": "https://econsave.com.my/econsave-locations/",
    "scraped_at": "2025-12-20T15:48:00.962096"
  },
  {
    "country": "MY",
    "chain": "Econsave",
    "brand_group": "Econsave",
    "name": "Pasar Ekonomi Econsave Tanjong Karang",
    "address": "No.5 & No.7(Ground Floor), Jalan 1, Taman Tanjung Karang Baru, 45500 Tanjong Karang, Selangor.",
    "operating_hours": "8:30am - 10pm",
    "phone": "03-3269 1297",
    "latitude": null,
    "longitude": null,
    "source": "https://econsave.com.my/econsave-locations/",
    "scraped_at": "2025-12-20T15:48:00.962260"
  },
  {
    "country": "MY",
    "chain": "Econsave",
    "brand_group": "Econsave",
    "name": "Pasar Ekonomi Econsave Tanjung Sepat",
    "address": "Lot 2327C & LOT 2327D (Ground Floor), Jalan Gelama, Tanjung Sepat New Village, 42800 Tanjung Sepat,Selangor.",
    "operating_hours": "8:30am - 10pm",
    "phone": "03-31975616",
    "latitude": null,
    "longitude": null,
    "source": "https://econsave.com.my/econsave-locations/",
    "scraped_at": "2025-12-20T15:48:00.962423"
  },
  {
    "country": "MY",
    "chain": "Econsave",
    "brand_group": "Econsave",
    "name": "Pasar Ekonomi Econsave Tanjung Sepat 2",
    "address": "No.24A & 24B, Jalan Pasar, Tanjung Sepat Indah, 42800 Tanjung Sepat Indah, Selangor.",
    "operating_hours": "8:30am - 10pm",
    "phone": "‎",
    "latitude": null,
    "longitude": null,
    "source": "https://econsave.com.my/econsave-locations/",
    "scraped_at": "2025-12-20T15:48:00.962591"
  },
  {
    "country": "MY",
    "chain": "Econsave",
    "brand_group": "Econsave",
    "name": "Pasar Ekonomi Econsave Telok Gong",
    "address": "Lot 8951, Jalan Telok Gong, Kampung Telok Gong, 42000 Klang, Selangor Darul Ehsan.",
    "operating_hours": "8:30am - 10pm",
    "phone": "03-31703166",
    "latitude": null,
    "longitude": null,
    "source": "https://econsave.com.my/econsave-locations/",
    "scraped_at": "2025-12-20T15:48:00.962760"
  },
  {
    "country": "MY",
    "chain": "Econsave",
    "brand_group": "Econsave",
    "name": "Pasar Ekonomi Econsave TTDI Jaya",
    "address": "No.2(Ground Floor), Jalan Opera G U2/G, Taman Tun Dr.Ismail Jaya, 40150 Shah Alam, Selangor.",
    "operating_hours": "8:30am - 10pm",
    "phone": "‎03-7734 2342",
    "latitude": null,
    "longitude": null,
    "source": "https://econsave.com.my/econsave-locations/",
    "scraped_at": "2025-12-20T15:48:00.962924"
  }
]