[
    {
        "id":"163",
        "name":" CU Alor Setar",
        "street":"CU Alor Setar, 48, Jalan Kuala Kedah, Taman Gunung Indah, ",
        "city":" ALOR SETAR",
        "state":"KEDAH",
        "postcode":"05400",
        "country":"Malaysia",
        "phone":"",
        "opening_hours":"24 Hours",
        "lat":6.0967971722,
        "lng":100.3567922489,
        "brand":"Tealive"
    },
    {
        "id":"154",
        "name":" CU Bukit Baru ",
        "street":" PUSAT NIAGA NO,5-2, JALAN PNBBU 1, JALAN UTAMA, ",
        "city":"BUKIT BARU ",
        "state":"MELAKA",
        "postcode":"75150",
        "country":"Malaysia",
        "phone":"",
        "opening_hours":"",
        "lat":2.2165749307,
        "lng":102.2704839229,
        "brand":"Tealive"
    },
    {
        "id":"162",
        "name":" CU Kuala Ketil",
        "street":"108 & 109, PERSIARAN KKCC 2, COMMERCIAL CENTRE,",
        "city":"KUALA KETIL",
        "state":" KEDAH",
        "postcode":"09300",
        "country":"Malaysia",
        "phone":"",
        "opening_hours":"",
        "lat":5.6051911454,
        "lng":100.6405923289,
        "brand":"Tealive"
    },
    {
        "id":"161",
        "name":" CU Riverfront Sungai Petani",
        "street":"CU Riverfront Sungai Petani, No.101, Tingkat, 1, Jalan Mawar 2, Taman Pekan Baru, ",
        "city":"SUNGAI PETANI",
        "state":"KEDAH",
        "postcode":"\u00a008000",
        "country":"Malaysia",
        "phone":"",
        "opening_hours":"",
        "lat":5.6401017402,
        "lng":100.481002294,
        "brand":"Tealive"
    },
    {
        "id":"145",
        "name":" CU Setia Alam",
        "street":"10-G-58, JLN SETIA GEMILANG BM U13\/BM",
        "city":"SETIA ALAM",
        "state":"SELANGOR",
        "postcode":"40170",
        "country":"Malaysia",
        "phone":"",
        "opening_hours":null,
        "lat":3.1275282415,
        "lng":101.4685432186,
        "brand":"Tealive"
    },
    {
        "id":"131",
        "name":" CU Solaria Square",
        "street":"CU, G-7, SOLARIA SQUARE, Jalan Tun Dr Awang, Kampung Perlis,",
        "city":"Bayan Lepas",
        "state":"Penang",
        "postcode":"11900",
        "country":"Malaysia",
        "phone":"",
        "opening_hours":"",
        "lat":5.3001511533,
        "lng":100.2662172395,
        "brand":"Tealive"
    },
    {
        "id":"139",
        "name":" CU Sri Damansara",
        "street":"CU Bandar Sri Damansara, 16, Jalan Tanjung SD 13\/1, Bandar Sri Damansara,",
        "city":"BANDAR SRI DAMANSARA",
        "state":"KUALA LUMPUR",
        "postcode":"52200",
        "country":"Malaysia",
        "phone":"",
        "opening_hours":"",
        "lat":3.1883843255,
        "lng":101.6054458301,
        "brand":"Tealive"
    },
    {
        "id":"149",
        "name":" CU Subang Skypark",
        "street":"CU Subang Skypark, 3, Jalan Lapangan Terbang Subang, Lapangan Terbang Sultan Abdul Aziz Shah,",
        "city":"SUBANG",
        "state":"SELANGOR",
        "postcode":"47200",
        "country":"Malaysia",
        "phone":"",
        "opening_hours":"",
        "lat":3.1334907618,
        "lng":101.5537875029,
        "brand":"Tealive"
    },
    {
        "id":"110",
        "name":"CU 1 Utama",
        "street":"LOT F202 & F203 1ST FLOOR, 1 UTAMA SHOPPING CENTRE BANDAR UTAMA",
        "city":"petaling jaya",
        "state":"selangor",
        "postcode":"47800",
        "country":"Malaysia",
        "phone":"",
        "opening_hours":"",
        "lat":3.1490617605,
        "lng":101.6161472497,
        "brand":"Tealive"
    },
    {
        "id":"156",
        "name":"CU Alor Gajah",
        "street":"CU Alor Gajah, 1, Jalan Perniagaan Jelatang 1, Pusat Perniagaan Jelatang, ",
        "city":" ALOR GAJAH",
        "state":"MELAKA",
        "postcode":"78000",
        "country":"Malaysia",
        "phone":"",
        "opening_hours":"",
        "lat":2.3847046273,
        "lng":102.2164406832,
        "brand":"Tealive"
    },
    {
        "id":"183",
        "name":"CU Amanjaya Walk",
        "street":"CU Amanjaya Walk, Block E-6, PT 60651, Jalan Jati 1\/1, Pusat Perniagaan Amanjaya,",
        "city":" Sungai Petani",
        "state":"KEDAH",
        "postcode":"08000 ",
        "country":"Malaysia",
        "phone":"",
        "opening_hours":"",
        "lat":5.6752995149,
        "lng":100.5084454821,
        "brand":"Tealive"
    },
    {
        "id":"120",
        "name":"CU Amerin Mall",
        "street":"LOT G-7 & G-8, THE AMERIN MALL JALAN IMPIAN INDAH ",
        "city":"Seri Kembangan",
        "state":"Selangor",
        "postcode":"43300",
        "country":"Malaysia",
        "phone":"",
        "opening_hours":null,
        "lat":3.0250011462,
        "lng":101.75113124,
        "brand":"Tealive"
    },
    {
        "id":"71",
        "name":"CU Arkadia Desa Parkcity",
        "street":"CU @ Plaza Arkadia, F-G-10, Plaza Arkadia, 3, Jalan Intisari, Desa Parkcity,",
        "city":"Kuala Lumpur",
        "state":"Kuala Lumpur",
        "postcode":"52200",
        "country":"Malaysia",
        "phone":"",
        "opening_hours":"",
        "lat":3.1864229724,
        "lng":101.6361375169,
        "brand":"Tealive"
    },
    {
        "id":"190",
        "name":"CU Aurelius Hospital Alor Setar",
        "street":"RETAIL 3, AURELIUS HOSPITAL NO. B-5, PERSIARAN BANDAR BARU MERGONG JALAN PERUSAHAAN 1, BDR BARU MERGONG, ",
        "city":"Alor Setar",
        "state":"KEDAH",
        "postcode":"05150",
        "country":"Malaysia",
        "phone":"",
        "opening_hours":"",
        "lat":6.0121197464,
        "lng":102.3811556065,
        "brand":"Tealive"
    },
    {
        "id":"210",
        "name":"CU Aurelius Hospital Negeri Sembilan",
        "street":"PT 13717, Jalan BBN 2\/1",
        "city":"NILAI",
        "state":"NEGERI SEMBILAN",
        "postcode":"71800",
        "country":"Malaysia",
        "phone":"",
        "opening_hours":"",
        "lat":2.8117784764,
        "lng":101.7741601442,
        "brand":"Tealive"
    },
    {
        "id":"67",
        "name":"CU Avenue K",
        "street":"CU Mart 5070, Avenue K, C3B, Avenue K, Jln Ampang, ",
        "city":"Kuala Lumpur",
        "state":"Kuala Lumpur",
        "postcode":"50450",
        "country":"Malaysia",
        "phone":"",
        "opening_hours":"",
        "lat":3.1594895263,
        "lng":101.7135412549,
        "brand":"Tealive"
    },
    {
        "id":"80",
        "name":"CU Awana Skyway",
        "street":"LOT NO. 2-4, LEVEL 2 AWANA SKYWAY STATION ",
        "city":"Genting Highlands",
        "state":"pahang",
        "postcode":"69000",
        "country":"Malaysia",
        "phone":"",
        "opening_hours":null,
        "lat":3.4037526475,
        "lng":101.7828810929,
        "brand":"Tealive"
    },
    {
        "id":"75",
        "name":"CU Bahau",
        "street":"CU Bahau, 10e, Jalan Kiara 1, ",
        "city":"Bahau",
        "state":"Negeri Sembilan",
        "postcode":"72100",
        "country":"Malaysia",
        "phone":"",
        "opening_hours":"24 Hours",
        "lat":2.8100254522,
        "lng":102.3957348357,
        "brand":"Tealive"
    },
    {
        "id":"57",
        "name":"CU Bandar 2 Bukit Jalil",
        "street":"LOT NO. 1.37.00, LEVEL 1 PUSAT BANDAR 2, PERSIARAN JALIL UTAMA ",
        "city":"Bukit Jalil",
        "state":"Kuala Lumpur",
        "postcode":"57000",
        "country":"Malaysia",
        "phone":"",
        "opening_hours":null,
        "lat":3.0498279867,
        "lng":101.6713967699,
        "brand":"Tealive"
    },
    {
        "id":"94",
        "name":"CU Bandar Baru Kampar",
        "street":"CU, NO. 2246, JALAN BATU SINAR TAMAN BANDAR BARU ",
        "city":"Kampar",
        "state":"Perak",
        "postcode":"31900",
        "country":"Malaysia",
        "phone":"",
        "opening_hours":"24 Hours",
        "lat":4.3261491883,
        "lng":101.1450267733,
        "brand":"Tealive"
    },
    {
        "id":"42",
        "name":"CU Bandar Baru Uda Johor Bahru",
        "street":"CU Bandar Baru Uda JB, 8 & 10, Jalan Padi Emas 6\/1, Bandar Baru Uda,",
        "city":"Johor Bahru",
        "state":"Johor ",
        "postcode":"81200",
        "country":"Malaysia",
        "phone":"",
        "opening_hours":"24 Hours",
        "lat":1.4999239848,
        "lng":103.7083182785,
        "brand":"Tealive"
    },
    {
        "id":"70",
        "name":"CU Bandar Damai Perdana",
        "street":"No. 20, Jalan Damai Perdana 1\/9a, Bandar Damai Perdana,",
        "city":"Kuala Lumpur",
        "state":"Kuala Lumpur",
        "postcode":"56100",
        "country":"Malaysia",
        "phone":"",
        "opening_hours":null,
        "lat":3.0458944999,
        "lng":101.739284137,
        "brand":"Tealive"
    },
    {
        "id":"153",
        "name":"CU Bandar Mahkota Cheras",
        "street":"No.45-G, Jalan Temenggung 11\/9, ",
        "city":"BANDAR MAHKOTA CHERAS",
        "state":"SELANGOR ",
        "postcode":"43200",
        "country":"Malaysia",
        "phone":"",
        "opening_hours":null,
        "lat":3.0534490834,
        "lng":101.7888621204,
        "brand":"Tealive"
    },
    {
        "id":"55",
        "name":"CU Bandar Menjalara",
        "street":"CU Bandar Manjalara Kepong, Jalan 3\/62a, ",
        "city":"Bandar Menjalara",
        "state":"Kuala Lumpur",
        "postcode":"52200",
        "country":"Malaysia",
        "phone":"",
        "opening_hours":"",
        "lat":3.1951201912,
        "lng":101.6309589379,
        "brand":"Tealive"
    },
    {
        "id":"187",
        "name":"CU Bandar Pasir Putih",
        "street":"CU Bandar Baru Pasir Puteh, PT2278, Tingkat Bawah, Kg, Jalan Banggol Kerian, Bandar Baru, ",
        "city":"Pasir Puteh",
        "state":"KELANTAN",
        "postcode":"16800",
        "country":"Malaysia",
        "phone":"",
        "opening_hours":"",
        "lat":5.8284134919,
        "lng":102.4027720381,
        "brand":"Tealive"
    },
    {
        "id":"83",
        "name":"CU Bandar Perda Bukit Mertajam",
        "street":"NO. 456, JALAN PERMATANG RAWA BANDAR PERDA ",
        "city":"Bukit Mertajam",
        "state":"Penang",
        "postcode":"14000",
        "country":"Malaysia",
        "phone":"",
        "opening_hours":null,
        "lat":5.3656990868,
        "lng":100.4361817051,
        "brand":"Tealive"
    },
    {
        "id":"117",
        "name":"CU Bandar Tasik Puteri Rawang",
        "street":"NO. 58-G-A & 58-G-B (GF) JALAN 7A\/2, BANDAR TASIK PUTERI ",
        "city":"rawang",
        "state":"Selangor",
        "postcode":"48000",
        "country":"Malaysia",
        "phone":"",
        "opening_hours":null,
        "lat":3.2842382689,
        "lng":101.4731406133,
        "brand":"Tealive"
    },
    {
        "id":"144",
        "name":"CU Bandar Utama Batang Kali",
        "street":"CU Bandar Utama Batang Kali, 69, Jalan Ara 2, Pusat Perdagangan Ara, Seksyen 5 Bandar Utama Batang Kali, ",
        "city":"BATANG KALI",
        "state":"SELANGOR",
        "postcode":"44300",
        "country":"Malaysia",
        "phone":"",
        "opening_hours":"24 Hours",
        "lat":3.4546728109,
        "lng":101.6624921559,
        "brand":"Tealive"
    },
    {
        "id":"167",
        "name":"CU Bendahara",
        "street":"CU mart @ Kuala Selangor, 16 & 18, Jalan Bendahara 1a, Taman Bendahara, ",
        "city":"KUALA SELANGOR",
        "state":"SELANGOR",
        "postcode":"45000",
        "country":"Malaysia",
        "phone":"",
        "opening_hours":"24 Hours",
        "lat":3.3220383246,
        "lng":101.267059012,
        "brand":"Tealive"
    },
    {
        "id":"130",
        "name":"CU Bintang Ria",
        "street":"CU Simpang Renggam, 29, Jalan Bintang Ria 2, Kampung Simpang Renggam,",
        "city":"SIMPANG RENGGAM",
        "state":" JOHOR",
        "postcode":"86200",
        "country":"Malaysia",
        "phone":"",
        "opening_hours":"",
        "lat":1.8301618382,
        "lng":103.3079415918,
        "brand":"Tealive"
    },
    {
        "id":"48",
        "name":"CU Bukit Dahlia",
        "street":"No. 28, Jalan Serangkai 18, Taman Bukit Dahlia,",
        "city":"Pasir Gudang",
        "state":"Johor",
        "postcode":"81700",
        "country":"Malaysia",
        "phone":"",
        "opening_hours":"24 Hours",
        "lat":1.4785915874,
        "lng":103.8939840683,
        "brand":"Tealive"
    },
    {
        "id":"118",
        "name":"CU Bukit Sentosa Rawang",
        "street":"15-G, Jalan Orkid 1f\/1, Bandar Bukit Beruntung,",
        "city":"Rawang",
        "state":"selangor",
        "postcode":"48300",
        "country":"Malaysia",
        "phone":"",
        "opening_hours":"24 Hours",
        "lat":3.4034532389,
        "lng":101.559689251,
        "brand":"Tealive"
    },
    {
        "id":"84",
        "name":"CU Butterworth Business City Centre",
        "street":"NO. 22 (GF) BUTTERWORTH BUSINESS CITY CTR JALAN RAJA UDA,",
        "city":"Butterworth",
        "state":"Penang",
        "postcode":"12300",
        "country":"Malaysia",
        "phone":"",
        "opening_hours":"",
        "lat":5.415810068,
        "lng":100.3805949614,
        "brand":"Tealive"
    },
    {
        "id":"108",
        "name":"CU Centre Point Bandar Utama",
        "street":"LOT G03 & G03a, GROUND FLOOR CENTRE POINT, NO. 3, LEBUH BANDAR UTAMA BANDAR UTAMA, 47800 PETALING JAYA, SELANGOR",
        "city":"Petaling Jaya",
        "state":"selangor",
        "postcode":"47800",
        "country":"Malaysia",
        "phone":"",
        "opening_hours":"24 Hours",
        "lat":3.1384097038,
        "lng":101.6101327175,
        "brand":"Tealive"
    },
    {
        "id":"78",
        "name":"CU Centrepoint Seremban",
        "street":"CU Centrepoint Seremban, 33, Jalan Dato Siamang Gagap, Betaria Business Centre, ",
        "city":"Seremban",
        "state":"Negeri Sembilan",
        "postcode":"70100",
        "country":"Malaysia",
        "phone":"",
        "opening_hours":"24 Hours",
        "lat":2.7233913153,
        "lng":101.9554157652,
        "brand":"Tealive"
    },
    {
        "id":"79",
        "name":"CU Centrium Pahang",
        "street":"A-G-14, PRESINT 1 CAMERON CENTRIUM",
        "city":"Brinchang",
        "state":"Pahang",
        "postcode":"39100",
        "country":"Malaysia",
        "phone":"",
        "opening_hours":null,
        "lat":4.4951135549,
        "lng":101.3892107704,
        "brand":"Tealive"
    },
    {
        "id":"107",
        "name":"CU Chi Lung Klang",
        "street":"No. 94, Lebuh Turi, Taman Palm Grove, ",
        "city":"klang",
        "state":"Selangor",
        "postcode":"41200",
        "country":"Malaysia",
        "phone":"",
        "opening_hours":"",
        "lat":3.0269538156,
        "lng":101.4286259988,
        "brand":"Tealive"
    },
    {
        "id":"87",
        "name":"CU City Junction ",
        "street":"CU, 2-1-3, City Junction, 2, Persiaran Lengkuas, Kampung Belachan,",
        "city":"Tanjung Tokong",
        "state":"Penang",
        "postcode":"10470",
        "country":"Malaysia",
        "phone":"",
        "opening_hours":"",
        "lat":5.4505545414,
        "lng":100.3053111758,
        "brand":"Tealive"
    },
    {
        "id":"119",
        "name":"CU Cottage Walk Sepang",
        "street":"CU Mart, Off, Persiaran APEC, Cottage Walk, ",
        "city":"Sepang",
        "state":"selangor",
        "postcode":"63000",
        "country":"Malaysia",
        "phone":"",
        "opening_hours":"",
        "lat":2.9203865,
        "lng":101.658966,
        "brand":"Tealive"
    },
    {
        "id":"113",
        "name":"CU Damansara Uptown",
        "street":"CU Mart @ Uptown, NO 47G, UPTOWN, 37, Jalan SS 21\/37, Damansara Utama, ",
        "city":"Petaling Jaya",
        "state":"selangor",
        "postcode":"47400",
        "country":"Malaysia",
        "phone":"",
        "opening_hours":"",
        "lat":3.1364270036,
        "lng":101.6234770336,
        "brand":"Tealive"
    },
    {
        "id":"99",
        "name":"CU Dataran Cheras 5",
        "street":"CU, 98-G, Jalan Dataran Cheras 5, DATARAN PERNIAGAAN CHERAS,",
        "city":"Palakong",
        "state":"Selangor",
        "postcode":"43200",
        "country":"Malaysia",
        "phone":"",
        "opening_hours":"",
        "lat":3.03596327,
        "lng":101.7642807825,
        "brand":"Tealive"
    },
    {
        "id":"112",
        "name":"CU Dataran Glomac",
        "street":"C-G-06, GROUND FLOOR DATARAN GLOMAC, JALAN SS6\/5B ",
        "city":"petaling jaya",
        "state":"selangor",
        "postcode":"47310",
        "country":"Malaysia",
        "phone":"",
        "opening_hours":"",
        "lat":3.1033384384,
        "lng":101.6002833125,
        "brand":"Tealive"
    },
    {
        "id":"98",
        "name":"CU Dato Razali Ampang",
        "street":"No. 28 (GF), JALAN MAMANDA 7, TAMAN DATO AHMAD RAZALI",
        "city":"Ampang",
        "state":"Selangor",
        "postcode":"50450",
        "country":"Malaysia",
        "phone":"",
        "opening_hours":null,
        "lat":3.158839583,
        "lng":101.7500499141,
        "brand":"Tealive"
    },
    {
        "id":"164",
        "name":"CU Datum Mall",
        "street":"CU @ Datum Jelatek Shopping Centre, G-26, G-26, AL (ALFRESCO, DATUM MALL, Jalan Enggang, Taman Keramat, ",
        "city":"KUALA LUMPUR",
        "state":"KUALA LUMPUR",
        "postcode":"54200",
        "country":"Malaysia",
        "phone":"",
        "opening_hours":"",
        "lat":3.1678404588,
        "lng":101.7362732252,
        "brand":"Tealive"
    },
    {
        "id":"171",
        "name":"CU DC Mall",
        "street":"CU Damansara City Mall, LOT G-05, Ground Floor, Damansara City Mall, 6, Jalan Damanlela, ",
        "city":"DAMANSARA",
        "state":"KUALA LUMPUR",
        "postcode":"50490 ",
        "country":"Malaysia",
        "phone":"",
        "opening_hours":"",
        "lat":2.974622997,
        "lng":101.655604294,
        "brand":"Tealive"
    },
    {
        "id":"59",
        "name":"CU Desa Petaling",
        "street":"CU Desa Petaling, 43-G & 45-G, Jln 1\/125d, Taman Desa Petaling, ",
        "city":"Kuala Lumpur",
        "state":"Kuala Lumpur",
        "postcode":"57100",
        "country":"Malaysia",
        "phone":"",
        "opening_hours":"",
        "lat":3.0830852548,
        "lng":101.7044535876,
        "brand":"Tealive"
    },
    {
        "id":"60",
        "name":"CU Dwangsa Wangsa Maju",
        "street":"CU Wangsa Maju, 6, Jalan Wangsa Delima 11, Wangsa Maju, ",
        "city":"Kuala Lumpur",
        "state":"Kuala Lumpur",
        "postcode":"53300",
        "country":"Malaysia",
        "phone":"",
        "opening_hours":"",
        "lat":3.1969996101,
        "lng":101.7417067754,
        "brand":"Tealive"
    },
    {
        "id":"50",
        "name":"CU Eko Botani Johor",
        "street":"No. 82, Jalan Eko Botani 3\/2,",
        "city":"Gelang Patah",
        "state":"Johor",
        "postcode":"79100",
        "country":"Malaysia",
        "phone":"",
        "opening_hours":"",
        "lat":1.4390925603,
        "lng":103.6205239898,
        "brand":"Tealive"
    },
    {
        "id":"127",
        "name":"CU Elmina Selatan R&R",
        "street":"SBC 02, KAWASAN REHAT DAN RAWAT ELMINA SELATAN LEBUHRAYA KORIDOR GUTHRIE ",
        "city":"Sungai Buloh",
        "state":"Selangor",
        "postcode":"47000",
        "country":"Malaysia",
        "phone":"",
        "opening_hours":null,
        "lat":3.172277817,
        "lng":101.5194907359,
        "brand":"Tealive"
    },
    {
        "id":"211",
        "name":"CU Freeport A'Famosa Melaka ",
        "street":"LOT NO. CUSTOMER SERVICE (TBC) FREEPORT AFAMOSA OUTLET JALAN KAMUS",
        "city":"SIMPANG AMPAT",
        "state":"MELAKA",
        "postcode":"",
        "country":"Malaysia",
        "phone":"",
        "opening_hours":"",
        "lat":2.441218646,
        "lng":102.2104812958,
        "brand":"Tealive"
    },
    {
        "id":"136",
        "name":"CU Gardens Mall",
        "street":"LG 238, LOWER GROUND FLOOR THE GARDENS MALL, MID VALLEY CITY LINGKARAN SYED PUTRA,",
        "city":"MID VALLEY CITY ",
        "state":"KUALA LUMPUR",
        "postcode":"59200",
        "country":"Malaysia",
        "phone":"",
        "opening_hours":null,
        "lat":3.1188162152,
        "lng":101.6760008261,
        "brand":"Tealive"
    },
    {
        "id":"76",
        "name":"CU Gemas",
        "street":"CU Gemas, NO. G10, JALAN HARMONI GEMAS 2, PUSAT PERNIAGAAN HARMONI,",
        "city":"Gemas",
        "state":"Negeri Sembilan",
        "postcode":"73400",
        "country":"Malaysia",
        "phone":"",
        "opening_hours":"24 Hours",
        "lat":2.580266133,
        "lng":102.6084203791,
        "brand":"Tealive"
    },
    {
        "id":"89",
        "name":"CU Greentown Ipoh",
        "street":"CU Greentown Ipoh, Greentown, 31, Persiaran Greentown 7, Pusat Perdagangan Greentown, ",
        "city":"Ipoh",
        "state":"Perak",
        "postcode":"30450",
        "country":"Malaysia",
        "phone":"",
        "opening_hours":"",
        "lat":4.5992748258,
        "lng":101.0961927056,
        "brand":"Tealive"
    },
    {
        "id":"116",
        "name":"CU Ground Floor IOI City",
        "street":"LOT GE-16, GROUND FLOOR IOI CITY MALL, LEBUH IRC IOI RESORT CITY",
        "city":"putrajaya",
        "state":"Selangor",
        "postcode":"62502",
        "country":"Malaysia",
        "phone":"",
        "opening_hours":null,
        "lat":2.9693899916,
        "lng":101.7137426422,
        "brand":"Tealive"
    },
    {
        "id":"134",
        "name":"CU Iconic Point",
        "street":"No. 1, Jalan Iconic Point, ",
        "city":"SIMPANG AMPAT",
        "state":"PENANG",
        "postcode":"14100",
        "country":"Malaysia",
        "phone":"",
        "opening_hours":"",
        "lat":5.2834074746,
        "lng":100.4762581617,
        "brand":"Tealive"
    },
    {
        "id":"179",
        "name":"CU IIUM",
        "street":"CU Mart IIUM, International Islamic University Malaysia, 53100, Jln Gombak, ",
        "city":"Kuala Lumpur",
        "state":"Selangor",
        "postcode":"53100",
        "country":"Malaysia",
        "phone":"",
        "opening_hours":"",
        "lat":3.2365,
        "lng":101.71092,
        "brand":"Tealive"
    },
    {
        "id":"46",
        "name":"CU Indahpura Kulai",
        "street":"CU, 180, Jalan Kenanga 29\/4, Bandar Indahpura",
        "city":"Kulai",
        "state":"Johor",
        "postcode":"81000",
        "country":"Malaysia",
        "phone":"",
        "opening_hours":"24 Hours",
        "lat":1.6418613209,
        "lng":103.6192497513,
        "brand":"Tealive"
    },
    {
        "id":"195",
        "name":"CU Indera Mahkota",
        "street":" A-77GF, JALAN M7\/1 BANDAR INDERA MAHKOTA 7",
        "city":"Kuantan",
        "state":"Pahang",
        "postcode":"25200",
        "country":"Malaysia",
        "phone":"",
        "opening_hours":"",
        "lat":3.8278791,
        "lng":103.2732596,
        "brand":"Tealive"
    },
    {
        "id":"199",
        "name":"CU Institut Endokrin Hospital Putrajaya",
        "street":"CU Mart Institut Endokrin Hospital Putrajaya, Kafetaria Aras 2, Presint 7,",
        "city":"Wilayah Persekutuan",
        "state":"Putrajaya",
        "postcode":"62250",
        "country":"Malaysia",
        "phone":"",
        "opening_hours":"",
        "lat":2.9301607481,
        "lng":101.6745464577,
        "brand":"Tealive"
    },
    {
        "id":"102",
        "name":"CU Jade Hills Kajang",
        "street":"NO. 66-1 (GF) JALAN DATARAN JADE 6 DATARAN JADE, JADE HILLS",
        "city":"kajang",
        "state":"selangor",
        "postcode":"43000",
        "country":"Malaysia",
        "phone":"",
        "opening_hours":null,
        "lat":2.9926292,
        "lng":101.7609618788,
        "brand":"Tealive"
    },
    {
        "id":"140",
        "name":"CU Jalan Tapah-Bidor",
        "street":"1G, PT11165, Jalan Tapah,",
        "city":"BIDOR",
        "state":"PERAK",
        "postcode":"35500",
        "country":"Malaysia",
        "phone":"",
        "opening_hours":"",
        "lat":4.1133607484,
        "lng":101.2862323806,
        "brand":"Tealive"
    },
    {
        "id":"101",
        "name":"CU Jaromas Jenjarom",
        "street":"NO 19, GROUND FLOOR JALAN 2\/1, TAMAN SERI JAROMAS ",
        "city":"Jenjarom",
        "state":"Selangor",
        "postcode":"42600",
        "country":"Malaysia",
        "phone":"",
        "opening_hours":null,
        "lat":2.8746841861,
        "lng":101.5019115033,
        "brand":"Tealive"
    },
    {
        "id":"189",
        "name":"CU Jelawat",
        "street":"CU Jelawat, PT4402 & PT4403, Tingkat Bawah, Bandar Baru Jelawat, ",
        "city":"Bachok",
        "state":"KELANTAN",
        "postcode":"16070",
        "country":"Malaysia",
        "phone":"",
        "opening_hours":"24 hours",
        "lat":6.0120996928,
        "lng":102.3811760733,
        "brand":"Tealive"
    },
    {
        "id":"181",
        "name":"CU Jengka",
        "street":"Pusat Komersial Bandar Jengka, Lorong Intan 2, Nadi Kota.",
        "city":"Bandar Tun Razak ",
        "state":"PAHANG",
        "postcode":"26400",
        "country":"Malaysia",
        "phone":"",
        "opening_hours":"",
        "lat":3.7841286955,
        "lng":102.543323325,
        "brand":"Tealive"
    },
    {
        "id":"184",
        "name":"CU Jerantut",
        "street":"CU Jerantut, No. TT2, Jalan Dulang 1, Bandar Baru, ",
        "city":"Jerantut",
        "state":"PAHANG",
        "postcode":" 27000",
        "country":"Malaysia",
        "phone":"",
        "opening_hours":"",
        "lat":3.9972064022,
        "lng":102.362675927,
        "brand":"Tealive"
    },
    {
        "id":"185",
        "name":"CU Jerteh",
        "street":"CU Bandar Jerteh, Lot 196 (Tingkat Bawah), Jalan Tuan Hitam, Bandar Jerteh,",
        "city":"Jerteh",
        "state":"TERENGGANU",
        "postcode":"22000",
        "country":"Malaysia",
        "phone":"",
        "opening_hours":"",
        "lat":5.7333092643,
        "lng":102.4820910778,
        "brand":"Tealive"
    },
    {
        "id":"178",
        "name":"CU JOHOR PREMIUM OUTLET",
        "street":"236 & 240, JOHOR PREMIUM OUTLET INDAHPURA",
        "city":"Kulai",
        "state":"Johor",
        "postcode":"81000",
        "country":"Malaysia",
        "phone":"",
        "opening_hours":"",
        "lat":1.6034017563,
        "lng":103.6212056588,
        "brand":"Tealive"
    },
    {
        "id":"209",
        "name":"CU K-commercial TTDI Jaya",
        "street":"KEDAI 1, LOT 34705, JALAN OPERA C U2\/C, TAMAN TTDI JAYA, SEKSYEN U2",
        "city":"SHAH ALAM",
        "state":"SELANGOR",
        "postcode":"40150",
        "country":"Malaysia",
        "phone":"",
        "opening_hours":"",
        "lat":3.0978460987,
        "lng":101.5564836492,
        "brand":"Tealive"
    },
    {
        "id":"40",
        "name":"CU Kebun Teh Johor Bahru",
        "street":"CU Kebun Teh Johor Bahru, 14-01, Jalan Kebun Teh 1, Larkin, ",
        "city":"Johor Bahru",
        "state":"Johor",
        "postcode":"80250",
        "country":"Malaysia",
        "phone":"",
        "opening_hours":"",
        "lat":1.4856445699,
        "lng":103.7539798244,
        "brand":"Tealive"
    },
    {
        "id":"148",
        "name":"CU KLIA2",
        "street":"LOT L3-36 & L3-38 LEVEL 3, GATEWAY @ KLIA2, TERMINAL KLIA2 KL INTERNATIONAL AIRPORT, JLN KLIA 2\/1,",
        "city":"SEPANG",
        "state":"SELANGOR",
        "postcode":"64000",
        "country":"Malaysia",
        "phone":"",
        "opening_hours":"24 Hours",
        "lat":2.7426129827,
        "lng":101.6866392311,
        "brand":"Tealive"
    },
    {
        "id":"202",
        "name":"CU Kolej Za'aba Universiti Pendidikan Sultan Idris (UPSI)  ",
        "street":"CU Kafeteria Kolej Za'aba, Kampus Sultan Azlan Shah (KSAS),",
        "city":"Tanjong Malim",
        "state":"Perak",
        "postcode":"35900",
        "country":"Malaysia",
        "phone":"",
        "opening_hours":"",
        "lat":3.7241877545,
        "lng":101.5181996577,
        "brand":"Tealive"
    },
    {
        "id":"123",
        "name":"CU Komersial Radia Shah Alam",
        "street":"G-36, KOMERSIAL RADIA PERSIARAN TEBAR LAYAR BUKIT JELUTONG",
        "city":"Shah Alam",
        "state":"Selangor",
        "postcode":"40150",
        "country":"Malaysia",
        "phone":"",
        "opening_hours":null,
        "lat":3.1021208,
        "lng":101.5364113,
        "brand":"Tealive"
    },
    {
        "id":"142",
        "name":"CU Kompleks Parit Buntar",
        "street":"Unit G, Kompleks 199, 1 & G-2, Jalan Taiping,",
        "city":"PARIT BUNTAR",
        "state":"PERAK",
        "postcode":"34200",
        "country":"Malaysia",
        "phone":"",
        "opening_hours":"24 Hours",
        "lat":5.1277419415,
        "lng":100.4895422497,
        "brand":"Tealive"
    },
    {
        "id":"176",
        "name":"CU Kota Emerald",
        "street":"LOT 1286, RUMAH CONTOH BROOKLYN @ PEJABAT JUALAN SEMENTARA KOTA EMERALD",
        "city":"RAWANG",
        "state":"SELANGOR ",
        "postcode":"48000",
        "country":"Malaysia",
        "phone":"",
        "opening_hours":"",
        "lat":3.3246579231,
        "lng":101.5443370181,
        "brand":"Tealive"
    },
    {
        "id":"124",
        "name":"CU Kota Kemuning",
        "street":"UNIT NO. 2-29-1 (GROUND FLOOR) NO. 14, PERSIARAN ANGGERIK VANILLA SEKSYEN 31, KOTA KEMUNING",
        "city":"Shah Alam",
        "state":"Selangor",
        "postcode":"40460",
        "country":"Malaysia",
        "phone":"",
        "opening_hours":"",
        "lat":3.000223,
        "lng":101.532623,
        "brand":"Tealive"
    },
    {
        "id":"155",
        "name":"CU Kota Laksamana ",
        "street":"CU Mart, 10, Jln KLJ 4, Taman Kota Laksamana, ",
        "city":"MELAKA",
        "state":"MELAKA",
        "postcode":"75200",
        "country":"Malaysia",
        "phone":"",
        "opening_hours":"",
        "lat":2.1984852841,
        "lng":102.2319906805,
        "brand":"Tealive"
    },
    {
        "id":"208",
        "name":"CU Kuala Krai Kelantan",
        "street":"CU KUALA KRAI, GROUND FLOOR LOT 16554 (N 0.3) AND LOT 16555 (NO.4) LAMAN FIRDAUS, MUKIM, Kampung Pahi, ",
        "city":" Kuala Krai ",
        "state":"Kelantan",
        "postcode":"18000",
        "country":"Malaysia",
        "phone":"",
        "opening_hours":"",
        "lat":5.4939782286,
        "lng":102.2237991693,
        "brand":"Tealive"
    },
    {
        "id":"177",
        "name":"CU Kuala Pilah",
        "street":"CU Kuala Pilah, P6MM+VM, Kampung Gemelang,",
        "city":" Kuala Pilah",
        "state":"Negeri Sembilan. ",
        "postcode":"72000",
        "country":"Malaysia",
        "phone":"",
        "opening_hours":"",
        "lat":2.7348874575,
        "lng":102.2344261706,
        "brand":"Tealive"
    },
    {
        "id":"151",
        "name":"CU Kuala Selangor",
        "street":"No 16 & 18, Jalan Bendahara 1A, Taman Bendahara,  ",
        "city":"KUALA SELANGOR",
        "state":"SELANGOR",
        "postcode":"45000",
        "country":"Malaysia",
        "phone":"",
        "opening_hours":null,
        "lat":3.3217667871,
        "lng":101.2669582172,
        "brand":"Tealive"
    },
    {
        "id":"212",
        "name":"CU Kubang Kerian",
        "street":"PT 1538, (GF), BANDAR BARU KUBANG KERIANJALAN RAJA PEREMPUAN ZAINAB 2",
        "city":"KOTA BHARU",
        "state":"KELANTAN",
        "postcode":"16150",
        "country":"Malaysia",
        "phone":"",
        "opening_hours":"",
        "lat":null,
        "lng":102.2805652792,
        "brand":"Tealive"
    },
    {
        "id":"62",
        "name":"CU Kuchai Maju",
        "street":"NO. 33, JALAN KUCHAI MAJU 8, KUCHAI ENTREPRENEURS PARK ",
        "city":"Kuala Lumpur",
        "state":"Kuala Lumpur",
        "postcode":"58200",
        "country":"Malaysia",
        "phone":"",
        "opening_hours":null,
        "lat":3.0897196194,
        "lng":101.6877028229,
        "brand":"Tealive"
    },
    {
        "id":"133",
        "name":"CU Larkin Jaya",
        "street":"PTB NO. 24500, JALAN GERODA 2\/1 LARKIN JAYA ",
        "city":"JOHOR BAHRU",
        "state":"JOHOR",
        "postcode":"\u00a080350 ",
        "country":"Malaysia",
        "phone":"",
        "opening_hours":null,
        "lat":1.4955699133,
        "lng":103.7411570612,
        "brand":"Tealive"
    },
    {
        "id":"192",
        "name":"CU Lumut Taman Batik Puteri",
        "street":"CU, No. 6 &, 7, Jalan Batik Puteri 1, Taman Batik Puteri, ",
        "city":"Lumut",
        "state":"Perak",
        "postcode":"32200",
        "country":"Malaysia",
        "phone":"",
        "opening_hours":"",
        "lat":4.2096943445,
        "lng":100.6158630049,
        "brand":"Tealive"
    },
    {
        "id":"96",
        "name":"CU Manjung Point 3",
        "street":"No. 7, Jalan PPMP 3\/1,",
        "city":"Seri Manjung",
        "state":"Perak",
        "postcode":"32040",
        "country":"Malaysia",
        "phone":"",
        "opening_hours":"24 Hours",
        "lat":4.216708603,
        "lng":100.670539788,
        "brand":"Tealive"
    },
    {
        "id":"175",
        "name":"CU Masai",
        "street":"CU Kota Masai, 23a, Jln Ekoperniagaan 7, Taman Kota Masai,",
        "city":"Pasir Gudang",
        "state":"JOHOR",
        "postcode":"81700 ",
        "country":"Malaysia",
        "phone":"",
        "opening_hours":"",
        "lat":1.484810315,
        "lng":103.9375079784,
        "brand":"Tealive"
    },
    {
        "id":"201",
        "name":"CU Mayang Mall ",
        "street":"Lot G-40, Mayang Mall, 301, Jalan Haji Mat Taukey, Kampung Surau Pasir, ",
        "city":"Kuala Terengganu",
        "state":"Terengganu",
        "postcode":"20000",
        "country":"Malaysia",
        "phone":"",
        "opening_hours":"",
        "lat":5.3401318671,
        "lng":103.1430602238,
        "brand":"Tealive"
    },
    {
        "id":"88",
        "name":"CU Medan Klebang Restu Chemor",
        "street":"CU, No. 70, Laluan Klebang Restu 2,",
        "city":"Chemor",
        "state":"Perak",
        "postcode":"31200",
        "country":"Malaysia",
        "phone":"",
        "opening_hours":"",
        "lat":4.6818603396,
        "lng":101.1215777389,
        "brand":"Tealive"
    },
    {
        "id":"138",
        "name":"CU Medan Pesona",
        "street":"No. 4, Medan Pesona, Sungai Siput",
        "city":"KUALA KANGSAR",
        "state":"PERAK",
        "postcode":"31100",
        "country":"Malaysia",
        "phone":"",
        "opening_hours":"",
        "lat":4.7724678563,
        "lng":100.9402864752,
        "brand":"Tealive"
    },
    {
        "id":"72",
        "name":"CU Megan Avenue 1",
        "street":"CU MART, Megan Phileo Promenade Block E, Hampshire Park, ",
        "city":"Kuala Lumpur",
        "state":"Kuala Lumpur",
        "postcode":"50400",
        "country":"Malaysia",
        "phone":"",
        "opening_hours":"",
        "lat":3.1620187085,
        "lng":101.7170324959,
        "brand":"Tealive"
    },
    {
        "id":"196",
        "name":"CU Mentakab ",
        "street":"CU Mentakab, 71G, 87 Jalan Mentakab, Taman Bendera,",
        "city":"Mentakab",
        "state":"Pahang",
        "postcode":"28400",
        "country":"Malaysia",
        "phone":"",
        "opening_hours":"",
        "lat":3.4848120838,
        "lng":102.3497160778,
        "brand":"Tealive"
    },
    {
        "id":"158",
        "name":"CU Mesamall Nilai",
        "street":"Mesahill, G-03 Ground Floor Mesamall Lot 13865, Persiaran Ilmu BBN, Bandar Baru Nilai,",
        "city":"NILAI",
        "state":"NEGERI SEMBILAN",
        "postcode":"07180",
        "country":"Malaysia",
        "phone":"",
        "opening_hours":"",
        "lat":2.8251367178,
        "lng":101.7777898197,
        "brand":"Tealive"
    },
    {
        "id":"141",
        "name":"CU Mid Valley",
        "street":"Unit G-022 and 023, Level G, Mid Valley Megamall, Mid Valley City, Lingkaran Syed Putra, ",
        "city":"MID VALLEY CITY ",
        "state":"KUALA LUMPUR",
        "postcode":"59200",
        "country":"Malaysia",
        "phone":"",
        "opening_hours":null,
        "lat":3.1171782999,
        "lng":101.6781221247,
        "brand":"Tealive"
    },
    {
        "id":"193",
        "name":"CU MNR Affin TRX",
        "street":"LOT P1-01, MENARA AFFIN LINGKARAN TRX, TUN RAZAK EXCHANGE, ",
        "city":"Kuala Lumpur",
        "state":"Kuala Lumpur",
        "postcode":"55188",
        "country":"Malaysia",
        "phone":"",
        "opening_hours":"",
        "lat":3.1418652095,
        "lng":101.7197291747,
        "brand":"Tealive"
    },
    {
        "id":"36",
        "name":"CU Mount Austin Johor Bahru",
        "street":"No. 35, Jalan Austin Heights 3, Taman Mount Austin,",
        "city":"Johor Bahru",
        "state":"Johor",
        "postcode":"81100",
        "country":"Malaysia",
        "phone":"",
        "opening_hours":"",
        "lat":1.5606667954,
        "lng":103.780336526,
        "brand":"Tealive"
    },
    {
        "id":"37",
        "name":"CU Mutiara Mas Skudai",
        "street":"NO. 63-G, JALAN MUTIARA 1\/9 TAMAN MUTIARA MAS ",
        "city":"Johor Bahru",
        "state":"Johor",
        "postcode":"81300",
        "country":"Malaysia",
        "phone":"",
        "opening_hours":"24 Hours",
        "lat":1.5138569385,
        "lng":103.6317107186,
        "brand":"Tealive"
    },
    {
        "id":"213",
        "name":"CU Mutiara Mas Skudai",
        "street":"NO. 63-G, JALAN MUTIARA 1\/9 TAMAN MUTIARA MAS ",
        "city":"Johor Bahru",
        "state":"Johor",
        "postcode":"81300",
        "country":"Malaysia",
        "phone":"",
        "opening_hours":"24 Hours",
        "lat":1.5138569385,
        "lng":103.6317107186,
        "brand":"Tealive"
    },
    {
        "id":"69",
        "name":"CU Mytown Shopping Centre",
        "street":"LOT NO. B1-061, B1-062, B1 MYTOWN SHOPPING CENTRE, NO. 6 JALAN COCHRANE, SEKSYEN 90",
        "city":"Kuala Lumpur",
        "state":"Kuala Lumpur",
        "postcode":"55100",
        "country":"Malaysia",
        "phone":"",
        "opening_hours":null,
        "lat":3.1340750328,
        "lng":101.7230788964,
        "brand":"Tealive"
    },
    {
        "id":"173",
        "name":"CU Nexus Bangsar South",
        "street":"CU Nexus Bangsar South, Unit G-13A, Ground Floor, 7, Jalan Kerinchi, Pantai Dalam, ",
        "city":"Kuala Lumpur",
        "state":"Federal Territory of Kuala Lumpur",
        "postcode":"59200",
        "country":"Malaysia",
        "phone":"",
        "opening_hours":"",
        "lat":3.1100698749,
        "lng":101.6656343004,
        "brand":"Tealive"
    },
    {
        "id":"105",
        "name":"CU Nilam 4B Bukit Tinggi",
        "street":"NO. 62-0, LORONG BATU NILAM 4B BANDAR BUKIT TINGGI ",
        "city":"Klang",
        "state":"Selangor",
        "postcode":"41200",
        "country":"Malaysia",
        "phone":"",
        "opening_hours":"",
        "lat":3.0071304711,
        "lng":101.4364582507,
        "brand":"Tealive"
    },
    {
        "id":"122",
        "name":"CU Nova U5\/N Bestari",
        "street":"CU Mart, 19, Jalan Nova U5\/N, Subang Bestari,",
        "city":"Shah Alam",
        "state":"Selangor",
        "postcode":"40150",
        "country":"Malaysia",
        "phone":"",
        "opening_hours":"",
        "lat":3.1782534,
        "lng":101.5478947,
        "brand":"Tealive"
    },
    {
        "id":"169",
        "name":"CU Pekan Jitra",
        "street":"CU MART Pekan Jitra 2, Pekan Jitra 2,",
        "city":"JITRA",
        "state":"Kedah",
        "postcode":"06000",
        "country":"Malaysia",
        "phone":"",
        "opening_hours":"",
        "lat":6.2586692476,
        "lng":100.41958241,
        "brand":"Tealive"
    },
    {
        "id":"49",
        "name":"CU Pekan Nenas",
        "street":"CU Pekan Nenas, 83, Jalan Industri 8, Taman Perindustrian Pekan Nenas,",
        "city":"Pontian District",
        "state":"Johor",
        "postcode":"81500",
        "country":"Malaysia",
        "phone":"",
        "opening_hours":"",
        "lat":1.495369718,
        "lng":103.5262069719,
        "brand":"Tealive"
    },
    {
        "id":"95",
        "name":"CU Perbandaran Kuala Kangsar",
        "street":"No. 5, Persiaran Perbandaran, ",
        "city":"Kuala Kangsar",
        "state":"Perak",
        "postcode":"33800",
        "country":"Malaysia",
        "phone":"",
        "opening_hours":null,
        "lat":4.7724880625,
        "lng":100.9403019377,
        "brand":"Tealive"
    },
    {
        "id":"39",
        "name":"CU Perling Johor Bahru",
        "street":"CU Mart Taman Perling, No. 18-G, Jalan Persiaran Perling 1, Taman Perling,",
        "city":"Johor Bahru",
        "state":"Johor ",
        "postcode":"81300",
        "country":"Malaysia",
        "phone":"",
        "opening_hours":"",
        "lat":1.482127012,
        "lng":103.6848781377,
        "brand":"Tealive"
    },
    {
        "id":"47",
        "name":"CU Permas 10 Masai",
        "street":"CU Permas Jaya, 1, Jln Permas 10, Permas Jaya, ",
        "city":"Masai",
        "state":"Johor",
        "postcode":"81750",
        "country":"Malaysia",
        "phone":"",
        "opening_hours":"24 Hours",
        "lat":1.4965263171,
        "lng":103.8151917307,
        "brand":"Tealive"
    },
    {
        "id":"207",
        "name":"CU PETRON Bandar Sri Permaisuri Cheras ",
        "street":"CU PETRON BANDAR SRI PERMAISURI, NO. 16, JALAN TASIK PERMAISURI 2 BANDAR TUN RAZAK",
        "city":"Kuala Lumpur",
        "state":"Wilayah Persekutuan Kuala Lumpur",
        "postcode":"56000",
        "country":"Malaysia",
        "phone":"",
        "opening_hours":"",
        "lat":3.0997655245,
        "lng":101.7174822423,
        "brand":"Tealive"
    },
    {
        "id":"160",
        "name":"CU PIKOM Segamat",
        "street":"1 & 2, Jalan Melor, Kampung Abdullah, ",
        "city":"Segamat",
        "state":"JOHOR",
        "postcode":"85000",
        "country":"Malaysia",
        "phone":"",
        "opening_hours":"24 Hours",
        "lat":2.4997618311,
        "lng":102.8270821364,
        "brand":"Tealive"
    },
    {
        "id":"35",
        "name":"CU PKOM Suria Johor Bahru",
        "street":"NO. 17, JALAN SURIA 2, Taman Nusa Perintis",
        "city":"Gelang Patah",
        "state":"Johor",
        "postcode":"81550",
        "country":"Malaysia",
        "phone":"",
        "opening_hours":null,
        "lat":1.4556315375,
        "lng":103.5989943287,
        "brand":"Tealive"
    },
    {
        "id":"85",
        "name":"CU Plaza Gurney",
        "street":"CU, 170-B1-39, Gurney Dr, Georgetown,",
        "city":"Penang",
        "state":"Penang",
        "postcode":"10250",
        "country":"Malaysia",
        "phone":"",
        "opening_hours":"",
        "lat":5.4371504939,
        "lng":100.3092847528,
        "brand":"Tealive"
    },
    {
        "id":"68",
        "name":"CU Plaza Usahawan Kuala Lumpur",
        "street":"CU Plaza Usahawan Setapak, 8, Jalan Danau Niaga, Danau Kota, ",
        "city":"Kuala Lumpur",
        "state":"Kuala Lumpur",
        "postcode":"53300",
        "country":"Malaysia",
        "phone":"",
        "opening_hours":"",
        "lat":3.202586613,
        "lng":101.7171785041,
        "brand":"Tealive"
    },
    {
        "id":"182",
        "name":"CU Pocket C UTP",
        "street":"Pocket C, Universiti Teknologi PETRONAS, Persiaran UTP,",
        "city":"Seri Iskandar",
        "state":"PERAK",
        "postcode":"32610",
        "country":"Malaysia",
        "phone":"",
        "opening_hours":"",
        "lat":4.3829958334,
        "lng":100.9643695434,
        "brand":"Tealive"
    },
    {
        "id":"188",
        "name":"CU PP Tunjung KB",
        "street":"CU Tunjung Kota Bharu, PT1365), Ground Floor, Pusar Perniagaan, Lot 506, Jalan Kuala Krai, Bandar Baru Tunjung, ",
        "city":"Kota Bharu",
        "state":"KELANTAN",
        "postcode":"16010",
        "country":"Malaysia",
        "phone":"",
        "opening_hours":"",
        "lat":6.0689429869,
        "lng":102.2376650625,
        "brand":"Tealive"
    },
    {
        "id":"191",
        "name":"CU Presint 15",
        "street":"CU Mart, P15, ST, Nadi, 19, 15, Jln Diplomatik, Presint 15,",
        "city":"Wilayah Persekutuan",
        "state":"Putrajaya",
        "postcode":"62050",
        "country":"Malaysia",
        "phone":"",
        "opening_hours":"",
        "lat":2.9449443047,
        "lng":101.7214446671,
        "brand":"Tealive"
    },
    {
        "id":"100",
        "name":"CU Prima Batu Caves",
        "street":"29-G, Jalan Prima SG 1 Prima Sri Gombak  ",
        "city":"Batu Caves",
        "state":"selangor",
        "postcode":"68100",
        "country":"Malaysia",
        "phone":"",
        "opening_hours":null,
        "lat":3.239582349,
        "lng":101.6998725228,
        "brand":"Tealive"
    },
    {
        "id":"143",
        "name":"CU Promenade",
        "street":"\u00a0CU, NO. 5-G-12, THE PROMENADE PERSIARAN MAHSURI, BANDAR BAYAN BARU, ",
        "city":"\u00a0BAYAN LEPAS",
        "state":"PULAU PINANG",
        "postcode":"11950",
        "country":"Malaysia",
        "phone":"",
        "opening_hours":"",
        "lat":5.3242699692,
        "lng":100.2819631875,
        "brand":"Tealive"
    },
    {
        "id":"66",
        "name":"CU Puncak Sentul Kuala Lumpur",
        "street":"AG-19, Ground Floor, 8, Jln Sentul Pasar, Sentul,",
        "city":"Kuala Lumpur",
        "state":"Kuala Lumpur",
        "postcode":"51000",
        "country":"Malaysia",
        "phone":"",
        "opening_hours":"",
        "lat":3.2022117518,
        "lng":101.6894784675,
        "brand":"Tealive"
    },
    {
        "id":"82",
        "name":"CU Queens Residences Pulau Pinang",
        "street":"SU-G-25, QUEENS RESIDENCES Q1 JALAN BAYAN INDAH ",
        "city":"Bayan Lepas",
        "state":"Penang",
        "postcode":"11900",
        "country":"Malaysia",
        "phone":"",
        "opening_hours":"",
        "lat":5.3321608207,
        "lng":100.3092993377,
        "brand":"Tealive"
    },
    {
        "id":"194",
        "name":"CU R&R Seremban South Bound",
        "street":"R&R Seremban South Bound, North-South Expy,",
        "city":"Seremban",
        "state":"Negeri Sembilan",
        "postcode":"79000",
        "country":"Malaysia",
        "phone":"",
        "opening_hours":"24 hours",
        "lat":2.7653376544,
        "lng":101.8289844386,
        "brand":"Tealive"
    },
    {
        "id":"61",
        "name":"CU Radin Bagus",
        "street":"NO. 121 JALAN RADIN BAGUS SRI PETALING",
        "city":"Kuala Lumpur",
        "state":"Kuala Lumpur",
        "postcode":"57000",
        "country":"Malaysia",
        "phone":"",
        "opening_hours":null,
        "lat":3.0711228962,
        "lng":101.6932286411,
        "brand":"Tealive"
    },
    {
        "id":"77",
        "name":"CU Rasah Prima ",
        "street":"NO. 2G & 3G, JALAN RASAH PRIMA 1 PUSAT KOMERSIAL RASAH PRIMA ",
        "city":"seremban",
        "state":"Negeri Sembilan",
        "postcode":"70300",
        "country":"Malaysia",
        "phone":"",
        "opening_hours":"",
        "lat":2.6888568632,
        "lng":101.9332455464,
        "brand":"Tealive"
    },
    {
        "id":"58",
        "name":"CU Rohas Kuala Lumpur",
        "street":"No. 11, Jalan P. Ramlee, City Centre, ",
        "city":"Kuala Lumpur",
        "state":"Kuala Lumpur",
        "postcode":"50250",
        "country":"Malaysia",
        "phone":"",
        "opening_hours":"",
        "lat":3.1553564782,
        "lng":101.709051013,
        "brand":"Tealive"
    },
    {
        "id":"180",
        "name":"CU Samsung Negeri Sembilan ",
        "street":"Samsung SDI Energy Malaysia Sdn Bhd, Lot 635 & 660, Kawasan Perindustrian Tuanku Jaafar, Seremban, Negeri Sembilan",
        "city":"Seremban",
        "state":"Negeri Sembilan. ",
        "postcode":"72000",
        "country":"Malaysia",
        "phone":"",
        "opening_hours":"",
        "lat":2.6759877401,
        "lng":102.0094074397,
        "brand":"Tealive"
    },
    {
        "id":"125",
        "name":"CU Seksyen 13 Shah Alam",
        "street":"G10, MENARA U, NO 2 JALAN BOLING PADANG 13\/62 SEKSYEN 13",
        "city":"Shah Alam",
        "state":"Selangor",
        "postcode":"40100",
        "country":"Malaysia",
        "phone":"",
        "opening_hours":null,
        "lat":3.07583,
        "lng":101.551878,
        "brand":"Tealive"
    },
    {
        "id":"56",
        "name":"CU Selayang",
        "street":"No. 67, Jalan 2\/16, Bandar Baru Selayang, Selayang",
        "city":"Batu Caves",
        "state":"Kuala Lumpur",
        "postcode":"68100",
        "country":"Malaysia",
        "phone":"",
        "opening_hours":"",
        "lat":3.2567165739,
        "lng":101.6562762125,
        "brand":"Tealive"
    },
    {
        "id":"146",
        "name":"CU Semenyih",
        "street":"CU, 39-1, Jalan Vista Valley 3, Vista Valley Semenyih,",
        "city":" SEMENYIH",
        "state":"SELANGOR",
        "postcode":"43500",
        "country":"Malaysia",
        "phone":"",
        "opening_hours":"",
        "lat":2.9578146942,
        "lng":101.8396233398,
        "brand":"Tealive"
    },
    {
        "id":"203",
        "name":"CU Senai International Airport ",
        "street":"CU Mart, 33-G, Departure Hall, Senai Airport, ",
        "city":"Johor Bahru",
        "state":"Johor",
        "postcode":"81250",
        "country":"Malaysia",
        "phone":"",
        "opening_hours":"",
        "lat":1.635787785,
        "lng":103.6632910577,
        "brand":"Tealive"
    },
    {
        "id":"166",
        "name":"CU Setia City Mall",
        "street":"LG-131, LOWER GROUND FLOOR SETIA CITY MALL, 7, PERSIARAN SETIA DAGANG SETIA ALAM",
        "city":"SHAH ALAM",
        "state":"SELANGOR",
        "postcode":"40170",
        "country":"Malaysia",
        "phone":"",
        "opening_hours":null,
        "lat":3.1102786304,
        "lng":101.45807602,
        "brand":"Tealive"
    },
    {
        "id":"172",
        "name":"CU Sierra Fresco",
        "street":"LOT 2-3, SIERRA ALFRESCO, JALAN SIERRA 10\/1, BANDAR 16 SIERRA ",
        "city":"PUCHONG",
        "state":"SELANGOR",
        "postcode":"47110",
        "country":"Malaysia",
        "phone":"",
        "opening_hours":"",
        "lat":2.9747321526,
        "lng":101.6556136874,
        "brand":"Tealive"
    },
    {
        "id":"168",
        "name":"CU Sky Avenue",
        "street":"LOT NO. T2C-B02 LEVEL T2C, SKY AVENUE ",
        "city":"GENTING HIGHLANDS",
        "state":"PAHANG",
        "postcode":"69000",
        "country":"Malaysia",
        "phone":"",
        "opening_hours":"",
        "lat":3.4268069296,
        "lng":101.7966945514,
        "brand":"Tealive"
    },
    {
        "id":"81",
        "name":"CU Sky Avenue Genting Highlands",
        "street":"LOT NO. T2C-B02 LEVEL T2C, SKY AVENUE ",
        "city":"Genting Highlands",
        "state":"Pahang",
        "postcode":"69000",
        "country":"Malaysia",
        "phone":"",
        "opening_hours":"",
        "lat":3.4250583631,
        "lng":101.7963985368,
        "brand":"Tealive"
    },
    {
        "id":"63",
        "name":"CU Solaris",
        "street":"NO. 20-G, JALAN SOLARIS 4 SOLARIS MONT KIARA,",
        "city":"Kuala Lumpur",
        "state":"Kuala Lumpur",
        "postcode":"50480",
        "country":"Malaysia",
        "phone":"",
        "opening_hours":null,
        "lat":3.1757186555,
        "lng":101.6597120085,
        "brand":"Tealive"
    },
    {
        "id":"132",
        "name":"CU Southkey",
        "street":"\u00a0F-028, THE MALL MID VALLEY SOUTHKEY NO. 1, PERSIARAN SOUTHKEY 1",
        "city":"JOHOR BAHRU",
        "state":"JOHOR",
        "postcode":"\u00a080150 ",
        "country":"Malaysia",
        "phone":"",
        "opening_hours":null,
        "lat":1.501374323,
        "lng":103.7774972782,
        "brand":"Tealive"
    },
    {
        "id":"126",
        "name":"CU SS15\/4 Subang",
        "street":"CU, 76, Jalan SS 15\/4, SS 15,",
        "city":"Subang Jaya",
        "state":"selangor",
        "postcode":"47500",
        "country":"Malaysia",
        "phone":"",
        "opening_hours":"",
        "lat":3.0757996443,
        "lng":101.589159321,
        "brand":"Tealive"
    },
    {
        "id":"147",
        "name":"CU Subang Perdana",
        "street":"CU Subang Perdana, LOT 27-G, Jalan Dinar G U3\/G, Taman Subang Perdana,",
        "city":"SHAH ALAM",
        "state":"SELANGOR",
        "postcode":"40150",
        "country":"Malaysia",
        "phone":"",
        "opening_hours":"",
        "lat":3.1489606354,
        "lng":101.5442485421,
        "brand":"Tealive"
    },
    {
        "id":"91",
        "name":"CU Sultan Iskandar Ipoh",
        "street":"CU, 189-B, Jalan Sultan Iskandar, Taman Jubilee,",
        "city":"ipoh",
        "state":"Perak",
        "postcode":"30000",
        "country":"Malaysia",
        "phone":"",
        "opening_hours":"24 Hours",
        "lat":4.5924683826,
        "lng":101.0862649373,
        "brand":"Tealive"
    },
    {
        "id":"104",
        "name":"CU Sungai Long Cheras",
        "street":"No 37, JALAN SL 1\/3, BANDAR SUNGAI LONG",
        "city":"kajang",
        "state":"Selangor",
        "postcode":"43000",
        "country":"Malaysia",
        "phone":"",
        "opening_hours":null,
        "lat":3.0396398663,
        "lng":101.7930906825,
        "brand":"Tealive"
    },
    {
        "id":"109",
        "name":"CU Sunway Giza",
        "street":"CU Sunway Giza, Sunway Giza, Jalan PJU 5\/14, Kota Damansara,",
        "city":"Petaling Jaya",
        "state":"selangor",
        "postcode":"47800",
        "country":"Malaysia",
        "phone":"",
        "opening_hours":"",
        "lat":3.1508995072,
        "lng":101.5916881955,
        "brand":"Tealive"
    },
    {
        "id":"52",
        "name":"CU Sutera Utama Skudai",
        "street":"NO. 127 (G FLOOR), JALAN SUTERA TANJUNG 8\/2 TAMAN SUTERA UTAMA ",
        "city":"Skudai",
        "state":"Johor",
        "postcode":"81200",
        "country":"Malaysia",
        "phone":"",
        "opening_hours":"24 Hours",
        "lat":1.5151432849,
        "lng":103.66978836,
        "brand":"Tealive"
    },
    {
        "id":"197",
        "name":"CU Taman Mergong Jaya",
        "street":"CU Taman Mergong Jaya, No.188-G & 189-G, SSN, Taman, Persiaran Bandar Baru Mergong, Taman Mergong Jaya,",
        "city":"Alor Setar",
        "state":"Kedah",
        "postcode":"05150",
        "country":"Malaysia",
        "phone":"",
        "opening_hours":"",
        "lat":6.1108988424,
        "lng":100.3357209019,
        "brand":"Tealive"
    },
    {
        "id":"86",
        "name":"CU Taman Pauh Jaya",
        "street":"CU Taman Pauh Jaya, NO. B1-G-16, ELEVATE 1 LORONG PAUH JAYA 1, 3, Taman Pauh Jaya,",
        "city":"Permatang Pauh",
        "state":"Penang",
        "postcode":"13500",
        "country":"Malaysia",
        "phone":"",
        "opening_hours":"",
        "lat":5.3701111789,
        "lng":100.4155740905,
        "brand":"Tealive"
    },
    {
        "id":"106",
        "name":"CU Taman Saujana Kajang",
        "street":"CU Taman Saujana, 1434, Jalan Sungai Jati, Taman Sentosa,",
        "city":"klang",
        "state":"Selangor",
        "postcode":"41200",
        "country":"Malaysia",
        "phone":"",
        "opening_hours":"",
        "lat":3.0141963078,
        "lng":101.4579935093,
        "brand":"Tealive"
    },
    {
        "id":"204",
        "name":"CU Taman Seri Muda Shah Alam ",
        "street":"CU Mart, No.22 G, Jalan Makmur 25\/64, Taman Sri Muda,",
        "city":"Shah Alam",
        "state":"Selangor",
        "postcode":"40400",
        "country":"Malaysia",
        "phone":"",
        "opening_hours":"",
        "lat":3.0323974901,
        "lng":101.5360835779,
        "brand":"Tealive"
    },
    {
        "id":"152",
        "name":"CU Taman Sri Serdang ",
        "street":"CU Taman Sri Serdang, 3-1, Jalan 18\/34, Sri Serdang,",
        "city":"SERI KEMBANGAN",
        "state":"SELANGOR ",
        "postcode":"43300",
        "country":"Malaysia",
        "phone":"",
        "opening_hours":"",
        "lat":3.0085539373,
        "lng":101.7141973077,
        "brand":"Tealive"
    },
    {
        "id":"97",
        "name":"CU Taman Tasik Commercial Centre Taiping",
        "street":"CU Taiping, No.6 Commersial Centre TTCC off, Jalan Pekeliling, Taman Tasik Taiping, ",
        "city":"Taiping",
        "state":"Perak",
        "postcode":"34000",
        "country":"Malaysia",
        "phone":"",
        "opening_hours":"24 Hours",
        "lat":4.8528406505,
        "lng":100.7457476502,
        "brand":"Tealive"
    },
    {
        "id":"157",
        "name":"CU Tampin",
        "street":"Ground floor of three (3) storey shoplot (corner lot) bearing postal address of PS 28, Jalan Bandar Satelit Sebang 1, Bandar Satelit Sebang, Seksyen 1, ",
        "city":" ALOR GAJAH",
        "state":"MELAKA",
        "postcode":"78000",
        "country":"Malaysia",
        "phone":"",
        "opening_hours":null,
        "lat":2.4637265767,
        "lng":102.2359489143,
        "brand":"Tealive"
    },
    {
        "id":"159",
        "name":"CU Tanah Rata",
        "street":"Magnolia Square, 11-1, Cameron Highlands, Tanah Rata,",
        "city":"CAMERON HIGHLANDS",
        "state":"PAHANG",
        "postcode":"39000",
        "country":"Malaysia",
        "phone":"",
        "opening_hours":"",
        "lat":4.4729860043,
        "lng":101.3803556106,
        "brand":"Tealive"
    },
    {
        "id":"137",
        "name":"CU Teluk Intan",
        "street":"53 (GF), JALAN INTAN 4, BANDAR BARU TELUK INTAN, ",
        "city":"TELUK INTAN ",
        "state":"PERAK",
        "postcode":"36000",
        "country":"Malaysia",
        "phone":"",
        "opening_hours":null,
        "lat":4.0198408861,
        "lng":101.023057856,
        "brand":"Tealive"
    },
    {
        "id":"115",
        "name":"CU Ten Kinrara",
        "street":"CU Ten Kinrara, GF-07, Ten Kinrara Residence, Jalan BK 5a\/3, Bandar Kinrara,",
        "city":"puchong",
        "state":"Selangor",
        "postcode":"47180",
        "country":"Malaysia",
        "phone":"",
        "opening_hours":"",
        "lat":3.0480680949,
        "lng":101.6463553413,
        "brand":"Tealive"
    },
    {
        "id":"51",
        "name":"CU Terminal 5 Senai",
        "street":"CU Mart, 33-G, Jalan Terminal 5, ",
        "city":"Senai",
        "state":"Johor",
        "postcode":"81400",
        "country":"Malaysia",
        "phone":"",
        "opening_hours":"",
        "lat":1.6060794648,
        "lng":103.6478614609,
        "brand":"Tealive"
    },
    {
        "id":"111",
        "name":"CU Thomson Hospital",
        "street":"GF, UNIT 1109-5 THOMSON HOSPITAL, 11 JALAN TEKNOLOGI PJU 5, KOTA DAMANSARA",
        "city":"petaling jaya",
        "state":"selangor",
        "postcode":"47810",
        "country":"Malaysia",
        "phone":"",
        "opening_hours":"24 Hours",
        "lat":3.1490627437,
        "lng":101.5787788152,
        "brand":"Tealive"
    },
    {
        "id":"128",
        "name":"CU Tropicana Aman Selangor",
        "street":"NO. 9-G & 9-1, JALAN AMAN SINARIA 2 BANDAR TROPICANA AMAN  ",
        "city":"Teluk Panglima Garang",
        "state":"Selangor",
        "postcode":"42500",
        "country":"Malaysia",
        "phone":"",
        "opening_hours":null,
        "lat":2.9447120089,
        "lng":101.5273959139,
        "brand":"Tealive"
    },
    {
        "id":"65",
        "name":"CU Tun Mohd Fuad TTDI",
        "street":"CU TTDI, 11, Jalan Tun Mohd Fuad, Taman Tun Dr Ismail, ",
        "city":"Kuala Lumpur",
        "state":"Kuala Lumpur",
        "postcode":"60000",
        "country":"Malaysia",
        "phone":"",
        "opening_hours":"",
        "lat":3.1416649447,
        "lng":101.6284486438,
        "brand":"Tealive"
    },
    {
        "id":"200",
        "name":"CU UMT Kuala Nerus Terengganu",
        "street":"CU Mart UMT Kuala Terengganu,",
        "city":"Kuala Terengganu",
        "state":"Terengganu",
        "postcode":"21030",
        "country":"Malaysia",
        "phone":"",
        "opening_hours":"24 HOURS",
        "lat":5.4071227598,
        "lng":103.0893248107,
        "brand":"Tealive"
    },
    {
        "id":"186",
        "name":"CU UTC Kota Bharu",
        "street":"LOT G1.01 & LOT G1.13, TINGKAT BAWAH BANGUNAN UTC KELANTAN, JALAN HAMZAH BANDAR KOTA BHARU,",
        "city":"Kota Bharu",
        "state":"KELANTAN",
        "postcode":"15050",
        "country":"Malaysia",
        "phone":"",
        "opening_hours":"",
        "lat":6.118415777,
        "lng":102.2398842277,
        "brand":"Tealive"
    },
    {
        "id":"170",
        "name":"CU UUM Sintok",
        "street":"Sintok, Bangunan, Varsity Mall,",
        "city":" Universiti Utara Malaysia",
        "state":"Kedah",
        "postcode":"06010",
        "country":"Malaysia",
        "phone":"",
        "opening_hours":"",
        "lat":6.4628500298,
        "lng":100.5016690494,
        "brand":"Tealive"
    },
    {
        "id":"206",
        "name":"CU Viana Tumpat",
        "street":"CU Viana Tumpat, TINGKAT BAWAH, VIANA BUSINESS PARK, PT2611 AND PT3612, Jalan Dato Keramat, Kampung Kelong, ",
        "city":"Tumpat",
        "state":"Kelantan",
        "postcode":"16200",
        "country":"Malaysia",
        "phone":"",
        "opening_hours":"",
        "lat":6.1900114617,
        "lng":102.1692291528,
        "brand":"Tealive"
    }
]